pipeline_status,execution_time,commit_id,files_changed,lines_added,lines_removed,commit_timestamp,developer_id
1,45.2,a1b2c3d4,3,120,45,2024-01-15 09:12:00,0
0,182.7,e5f6g7h8,12,890,320,2024-01-15 10:45:00,1
1,38.1,i9j0k1l2,2,55,10,2024-01-15 11:00:00,0
0,210.5,m3n4o5p6,18,1450,600,2024-01-15 13:20:00,2
1,52.3,q7r8s9t0,4,200,80,2024-01-15 14:05:00,1
0,195.8,u1v2w3x4,15,1100,420,2024-01-15 15:30:00,3
1,41.0,y5z6a7b8,3,95,30,2024-01-16 08:00:00,0
1,60.4,c9d0e1f2,5,310,120,2024-01-16 09:15:00,2
0,230.1,g3h4i5j6,22,2100,850,2024-01-16 10:00:00,1
1,35.9,k7l8m9n0,2,40,15,2024-01-16 11:30:00,3
0,178.3,o1p2q3r4,14,970,380,2024-01-16 12:45:00,0
1,48.6,s5t6u7v8,4,175,60,2024-01-16 13:00:00,2
0,205.2,w9x0y1z2,17,1350,510,2024-01-16 14:20:00,1
1,43.7,a3b4c5d6,3,130,50,2024-01-16 15:00:00,3
1,57.1,e7f8g9h0,6,280,90,2024-01-17 08:30:00,0
0,215.9,i1j2k3l4,20,1800,720,2024-01-17 09:45:00,2
1,39.4,m5n6o7p8,3,85,25,2024-01-17 10:30:00,1
0,190.6,q9r0s1t2,13,950,370,2024-01-17 11:50:00,0
1,55.8,u3v4w5x6,5,240,95,2024-01-17 13:00:00,3
0,225.3,y7z8a9b0,19,1650,660,2024-01-17 14:15:00,1
1,44.2,c1d2e3f4,4,155,55,2024-01-17 15:30:00,2
1,50.7,g5h6i7j8,5,210,75,2024-01-18 09:00:00,0
0,200.4,k9l0m1n2,16,1200,480,2024-01-18 10:20:00,3
1,37.6,o3p4q5r6,2,70,20,2024-01-18 11:45:00,1
0,188.9,s7t8u9v0,13,880,340,2024-01-18 12:30:00,2
1,62.3,w1x2y3z4,6,330,110,2024-01-18 13:15:00,0
1,46.5,a5b6c7d8,4,185,65,2024-01-18 14:00:00,3
0,218.7,e9f0g1h2,21,1950,780,2024-01-18 15:30:00,1
1,40.8,i3j4k5l6,3,100,35,2024-01-19 08:45:00,2
0,193.2,m7n8o9p0,14,1020,400,2024-01-19 09:30:00,0
1,53.4,q1r2s3t4,5,255,85,2024-01-19 10:45:00,1
1,36.9,u5v6w7x8,2,60,18,2024-01-19 11:30:00,3
0,207.8,y9z0a1b2,18,1500,580,2024-01-19 12:00:00,2
1,49.3,c3d4e5f6,4,195,70,2024-01-19 13:30:00,0
0,182.5,g7h8i9j0,12,840,310,2024-01-19 14:45:00,1
1,58.7,k1l2m3n4,6,290,100,2024-01-20 09:00:00,3
1,42.1,o5p6q7r8,3,110,40,2024-01-20 10:15:00,2
0,222.6,s9t0u1v2,20,1750,700,2024-01-20 11:00:00,0
1,47.9,w3x4y5z6,4,168,62,2024-01-20 12:30:00,1
0,196.4,a7b8c9d0,15,1100,430,2024-01-20 13:45:00,3
1,34.8,e1f2g3h4,2,45,12,2024-01-20 14:30:00,2
1,64.2,i5j6k7l8,7,380,130,2024-01-21 08:00:00,0
0,211.3,m9n0o1p2,19,1600,640,2024-01-21 09:20:00,1
1,51.6,q3r4s5t6,5,225,82,2024-01-21 10:30:00,3
0,186.7,u7v8w9x0,13,910,355,2024-01-21 11:45:00,2
1,45.9,y1z2a3b4,4,160,58,2024-01-21 13:00:00,0
0,228.4,c5d6e7f8,22,2050,820,2024-01-21 14:15:00,1
1,38.5,g9h0i1j2,3,88,28,2024-01-21 15:00:00,3
1,54.1,k3l4m5n6,5,235,88,2024-01-22 09:00:00,2
0,199.8,o7p8q9r0,16,1280,490,2024-01-22 10:30:00,0
