commit_id,developer_id,prev_pipeline_status,execution_time,failure_history,build_frequency,label,num_commits,files_changed,lines_added,lines_removed,commit_size,change_ratio,activity_freq,weekend_commits,off_hours_commits
b74d0fb1,0,1,179.5,0,0.0,1,67,586,16416,7507,23923,0.6862015633490783,67,15,41
89463e85,0,1,35.3,0,49207.0,1,67,586,16416,7507,23923,0.6862015633490783,67,15,41
e037e5ed,0,1,64.0,0,211406.0,0,67,586,16416,7507,23923,0.6862015633490783,67,15,41
913e4de2,0,0,61.5,1,56834.0,1,67,586,16416,7507,23923,0.6862015633490783,67,15,41
a18ff6b6,0,1,147.7,1,74988.0,1,67,586,16416,7507,23923,0.6862015633490783,67,15,41
e7c99b26,0,1,59.3,1,5969.0,1,67,586,16416,7507,23923,0.6862015633490783,67,15,41
1223b513,0,1,156.9,1,7670.0,0,67,586,16416,7507,23923,0.6862015633490783,67,15,41
56dc8907,0,0,46.1,2,52355.0,1,67,586,16416,7507,23923,0.6862015633490783,67,15,41
ed2662e9,0,1,210.3,2,45239.0,0,67,586,16416,7507,23923,0.6862015633490783,67,15,41
c56811cd,0,0,39.4,3,234124.0,1,67,586,16416,7507,23923,0.6862015633490783,67,15,41
951f58d0,0,1,111.6,3,35392.0,0,67,586,16416,7507,23923,0.6862015633490783,67,15,41
e623a689,0,0,30.3,4,8905.0,0,67,586,16416,7507,23923,0.6862015633490783,67,15,41
35c7936c,0,0,60.2,5,12927.0,0,67,586,16416,7507,23923,0.6862015633490783,67,15,41
6f3f920c,0,0,62.8,6,126754.0,1,67,586,16416,7507,23923,0.6862015633490783,67,15,41
fbe33b24,0,1,44.3,6,150976.0,1,67,586,16416,7507,23923,0.6862015633490783,67,15,41
dc45d539,0,1,48.0,6,35447.0,0,67,586,16416,7507,23923,0.6862015633490783,67,15,41
c3fe0183,0,0,42.7,7,134871.0,1,67,586,16416,7507,23923,0.6862015633490783,67,15,41
6db99102,0,1,35.1,7,67418.0,1,67,586,16416,7507,23923,0.6862015633490783,67,15,41
53cd6268,0,1,49.2,7,11434.0,1,67,586,16416,7507,23923,0.6862015633490783,67,15,41
0d557b61,0,1,189.4,7,28760.0,0,67,586,16416,7507,23923,0.6862015633490783,67,15,41
30e912f2,0,0,40.8,8,209763.0,1,67,586,16416,7507,23923,0.6862015633490783,67,15,41
2067bdac,0,1,47.1,8,103289.0,1,67,586,16416,7507,23923,0.6862015633490783,67,15,41
dc99e04c,0,1,58.3,8,36160.0,1,67,586,16416,7507,23923,0.6862015633490783,67,15,41
b4fb0eb9,0,1,49.9,8,97125.0,1,67,586,16416,7507,23923,0.6862015633490783,67,15,41
4ebfa5c3,0,1,47.7,8,42964.0,1,67,586,16416,7507,23923,0.6862015633490783,67,15,41
f63fce41,0,1,248.4,8,42931.0,1,67,586,16416,7507,23923,0.6862015633490783,67,15,41
8ae769ed,0,1,136.4,8,93839.0,0,67,586,16416,7507,23923,0.6862015633490783,67,15,41
8c99a894,0,0,218.8,9,19965.0,0,67,586,16416,7507,23923,0.6862015633490783,67,15,41
9bdf0377,0,0,57.2,10,18971.0,1,67,586,16416,7507,23923,0.6862015633490783,67,15,41
0e5dd462,0,1,245.7,10,246064.0,1,67,586,16416,7507,23923,0.6862015633490783,67,15,41
771ad655,0,1,45.3,10,50669.0,1,67,586,16416,7507,23923,0.6862015633490783,67,15,41
af908e3c,0,1,180.8,10,58201.0,0,67,586,16416,7507,23923,0.6862015633490783,67,15,41
70d9c9f8,0,0,46.6,11,53075.0,1,67,586,16416,7507,23923,0.6862015633490783,67,15,41
bb7bee03,0,1,26.2,11,6374.0,1,67,586,16416,7507,23923,0.6862015633490783,67,15,41
fbe94499,0,1,40.0,11,258112.0,1,67,586,16416,7507,23923,0.6862015633490783,67,15,41
c9d6a63b,0,1,58.8,11,21891.0,1,67,586,16416,7507,23923,0.6862015633490783,67,15,41
7a9e8eef,0,1,84.3,11,52929.0,1,67,586,16416,7507,23923,0.6862015633490783,67,15,41
45a88829,0,1,249.6,11,261408.0,0,67,586,16416,7507,23923,0.6862015633490783,67,15,41
4d29d1ab,0,0,63.3,12,40801.0,1,67,586,16416,7507,23923,0.6862015633490783,67,15,41
6e3f683a,0,1,31.7,12,17963.0,1,67,586,16416,7507,23923,0.6862015633490783,67,15,41
75b27455,0,1,13.7,12,26780.0,1,67,586,16416,7507,23923,0.6862015633490783,67,15,41
12fe28bf,0,1,45.9,12,150896.0,1,67,586,16416,7507,23923,0.6862015633490783,67,15,41
497de16d,0,1,62.4,12,10861.0,1,67,586,16416,7507,23923,0.6862015633490783,67,15,41
93364f7e,0,1,26.2,12,438348.0,1,67,586,16416,7507,23923,0.6862015633490783,67,15,41
30ec2796,0,1,61.1,12,130036.0,1,67,586,16416,7507,23923,0.6862015633490783,67,15,41
54f90429,0,1,29.0,12,11205.0,0,67,586,16416,7507,23923,0.6862015633490783,67,15,41
a334058a,0,0,60.4,13,88954.0,1,67,586,16416,7507,23923,0.6862015633490783,67,15,41
9b89e5cb,0,1,63.4,13,16444.0,1,67,586,16416,7507,23923,0.6862015633490783,67,15,41
9280c5aa,0,1,140.2,13,146585.0,0,67,586,16416,7507,23923,0.6862015633490783,67,15,41
07437c3b,0,0,55.1,14,131271.0,1,67,586,16416,7507,23923,0.6862015633490783,67,15,41
64ab851b,0,1,47.7,14,132354.0,1,67,586,16416,7507,23923,0.6862015633490783,67,15,41
98f6fd7f,0,1,162.2,14,16888.0,0,67,586,16416,7507,23923,0.6862015633490783,67,15,41
554227de,0,0,201.1,15,85881.0,0,67,586,16416,7507,23923,0.6862015633490783,67,15,41
ac7e937c,0,0,21.5,16,49433.0,1,67,586,16416,7507,23923,0.6862015633490783,67,15,41
2ba6adb3,0,1,125.1,16,38574.0,0,67,586,16416,7507,23923,0.6862015633490783,67,15,41
b6d1f6bb,0,0,10.0,17,150135.0,1,67,586,16416,7507,23923,0.6862015633490783,67,15,41
87f255d6,0,1,50.2,17,39176.0,1,67,586,16416,7507,23923,0.6862015633490783,67,15,41
16e6e5c0,0,1,62.2,17,49457.0,0,67,586,16416,7507,23923,0.6862015633490783,67,15,41
2cd10b9f,0,0,72.7,18,16219.0,1,67,586,16416,7507,23923,0.6862015633490783,67,15,41
9165f2ed,0,1,141.7,18,29146.0,0,67,586,16416,7507,23923,0.6862015633490783,67,15,41
3c4b1eec,0,0,26.6,19,87305.0,1,67,586,16416,7507,23923,0.6862015633490783,67,15,41
e723ada3,0,1,45.5,19,110045.0,1,67,586,16416,7507,23923,0.6862015633490783,67,15,41
ac3a812f,0,1,37.7,19,42228.0,1,67,586,16416,7507,23923,0.6862015633490783,67,15,41
b34c6c73,0,1,46.7,19,21114.0,1,67,586,16416,7507,23923,0.6862015633490783,67,15,41
fa7e5d94,0,1,15.8,19,76797.0,1,67,586,16416,7507,23923,0.6862015633490783,67,15,41
ac09bdb7,0,1,53.0,19,52885.0,1,67,586,16416,7507,23923,0.6862015633490783,67,15,41
f7c0d5f7,0,1,126.6,19,119217.0,0,67,586,16416,7507,23923,0.6862015633490783,67,15,41
60e7a113,1,1,183.7,0,0.0,0,71,575,18671,9992,28663,0.6513972717440603,71,19,43
d453dd32,1,0,100.5,1,3884.0,1,71,575,18671,9992,28663,0.6513972717440603,71,19,43
3a578a8e,1,1,191.8,1,14377.0,1,71,575,18671,9992,28663,0.6513972717440603,71,19,43
2bcfbe01,1,1,77.9,1,39828.0,1,71,575,18671,9992,28663,0.6513972717440603,71,19,43
4c66e0a8,1,1,26.3,1,162941.0,1,71,575,18671,9992,28663,0.6513972717440603,71,19,43
e0f3eab0,1,1,205.2,1,32611.0,0,71,575,18671,9992,28663,0.6513972717440603,71,19,43
7c69dee1,1,0,193.0,2,13164.0,0,71,575,18671,9992,28663,0.6513972717440603,71,19,43
969b6662,1,0,45.2,3,60309.0,1,71,575,18671,9992,28663,0.6513972717440603,71,19,43
6e595ed3,1,1,64.2,3,53131.0,1,71,575,18671,9992,28663,0.6513972717440603,71,19,43
dc815fe7,1,1,157.9,3,49847.0,0,71,575,18671,9992,28663,0.6513972717440603,71,19,43
acdabacc,1,0,155.8,4,103147.0,0,71,575,18671,9992,28663,0.6513972717440603,71,19,43
9f044aed,1,0,65.3,5,51891.0,1,71,575,18671,9992,28663,0.6513972717440603,71,19,43
5e9953d2,1,1,65.2,5,24732.0,1,71,575,18671,9992,28663,0.6513972717440603,71,19,43
e21342b0,1,1,70.4,5,94305.0,1,71,575,18671,9992,28663,0.6513972717440603,71,19,43
4774bc58,1,1,66.8,5,132810.0,1,71,575,18671,9992,28663,0.6513972717440603,71,19,43
939b462d,1,1,191.4,5,46506.0,0,71,575,18671,9992,28663,0.6513972717440603,71,19,43
e2d9de5d,1,0,152.7,6,146053.0,0,71,575,18671,9992,28663,0.6513972717440603,71,19,43
cd29a36f,1,0,70.3,7,48604.0,1,71,575,18671,9992,28663,0.6513972717440603,71,19,43
29ec8e49,1,1,46.2,7,271157.0,1,71,575,18671,9992,28663,0.6513972717440603,71,19,43
4d3485c5,1,1,30.9,7,32109.0,1,71,575,18671,9992,28663,0.6513972717440603,71,19,43
90e0f4a0,1,1,47.2,7,11157.0,1,71,575,18671,9992,28663,0.6513972717440603,71,19,43
5cb85aed,1,1,210.4,7,25694.0,0,71,575,18671,9992,28663,0.6513972717440603,71,19,43
680bac63,1,0,52.4,8,91108.0,1,71,575,18671,9992,28663,0.6513972717440603,71,19,43
6786d506,1,1,231.6,8,21791.0,0,71,575,18671,9992,28663,0.6513972717440603,71,19,43
4bd6cee6,1,0,139.0,9,66738.0,0,71,575,18671,9992,28663,0.6513972717440603,71,19,43
6a8a616f,1,0,58.6,10,80012.0,1,71,575,18671,9992,28663,0.6513972717440603,71,19,43
ec856f37,1,1,35.9,10,76065.0,1,71,575,18671,9992,28663,0.6513972717440603,71,19,43
276aa6ce,1,1,43.7,10,232057.0,1,71,575,18671,9992,28663,0.6513972717440603,71,19,43
b4323070,1,1,54.3,10,205606.0,1,71,575,18671,9992,28663,0.6513972717440603,71,19,43
a5769411,1,1,69.3,10,173315.0,1,71,575,18671,9992,28663,0.6513972717440603,71,19,43
1346d1a9,1,1,66.3,10,57833.0,1,71,575,18671,9992,28663,0.6513972717440603,71,19,43
ac3e7b0d,1,1,56.7,10,32352.0,1,71,575,18671,9992,28663,0.6513972717440603,71,19,43
899ca782,1,1,41.5,10,58608.0,1,71,575,18671,9992,28663,0.6513972717440603,71,19,43
8de08fc2,1,1,74.9,10,99342.0,1,71,575,18671,9992,28663,0.6513972717440603,71,19,43
38b77c07,1,1,73.1,10,74240.0,1,71,575,18671,9992,28663,0.6513972717440603,71,19,43
e8e22743,1,1,61.4,10,32537.0,1,71,575,18671,9992,28663,0.6513972717440603,71,19,43
a6a27967,1,1,51.1,10,44506.0,1,71,575,18671,9992,28663,0.6513972717440603,71,19,43
15da705c,1,1,152.1,10,40458.0,1,71,575,18671,9992,28663,0.6513972717440603,71,19,43
be9d61ee,1,1,53.7,10,6626.0,1,71,575,18671,9992,28663,0.6513972717440603,71,19,43
dfa4bb9f,1,1,54.2,10,21524.0,1,71,575,18671,9992,28663,0.6513972717440603,71,19,43
36760ce5,1,1,60.7,10,22202.0,1,71,575,18671,9992,28663,0.6513972717440603,71,19,43
3712f2d1,1,1,177.5,10,81606.0,0,71,575,18671,9992,28663,0.6513972717440603,71,19,43
bdf66ba5,1,0,235.5,11,112143.0,0,71,575,18671,9992,28663,0.6513972717440603,71,19,43
f758dce2,1,0,46.5,12,27029.0,1,71,575,18671,9992,28663,0.6513972717440603,71,19,43
31a3ac4d,1,1,71.2,12,49052.0,1,71,575,18671,9992,28663,0.6513972717440603,71,19,43
a1a27485,1,1,17.0,12,69978.0,1,71,575,18671,9992,28663,0.6513972717440603,71,19,43
fa34d2e8,1,1,40.0,12,27632.0,1,71,575,18671,9992,28663,0.6513972717440603,71,19,43
d65e59dd,1,1,196.8,12,43799.0,0,71,575,18671,9992,28663,0.6513972717440603,71,19,43
8ed6ad5e,1,0,176.0,13,46867.0,0,71,575,18671,9992,28663,0.6513972717440603,71,19,43
606e0e1c,1,0,27.0,14,43128.0,0,71,575,18671,9992,28663,0.6513972717440603,71,19,43
45d5a68d,1,0,63.5,15,179833.0,1,71,575,18671,9992,28663,0.6513972717440603,71,19,43
07374c86,1,1,188.5,15,36402.0,0,71,575,18671,9992,28663,0.6513972717440603,71,19,43
3cd5fd7f,1,0,48.8,16,55445.0,1,71,575,18671,9992,28663,0.6513972717440603,71,19,43
bba205ca,1,1,200.0,16,84847.0,0,71,575,18671,9992,28663,0.6513972717440603,71,19,43
14348f62,1,0,55.4,17,120176.0,1,71,575,18671,9992,28663,0.6513972717440603,71,19,43
a9320094,1,1,142.1,17,13871.0,0,71,575,18671,9992,28663,0.6513972717440603,71,19,43
f7b217c7,1,0,36.7,18,153829.0,1,71,575,18671,9992,28663,0.6513972717440603,71,19,43
cac4d0eb,1,1,30.1,18,38429.0,1,71,575,18671,9992,28663,0.6513972717440603,71,19,43
65edcfe3,1,1,132.6,18,23690.0,0,71,575,18671,9992,28663,0.6513972717440603,71,19,43
a29319fa,1,0,53.7,19,76266.0,1,71,575,18671,9992,28663,0.6513972717440603,71,19,43
a4364fcd,1,1,67.9,19,42461.0,1,71,575,18671,9992,28663,0.6513972717440603,71,19,43
734a6ca3,1,1,62.2,19,190227.0,1,71,575,18671,9992,28663,0.6513972717440603,71,19,43
956d80e4,1,1,184.4,19,99337.0,1,71,575,18671,9992,28663,0.6513972717440603,71,19,43
713f8f8c,1,1,75.6,19,186719.0,0,71,575,18671,9992,28663,0.6513972717440603,71,19,43
b7a4c719,1,0,10.0,20,43441.0,1,71,575,18671,9992,28663,0.6513972717440603,71,19,43
23ff23d3,1,1,194.4,20,161178.0,0,71,575,18671,9992,28663,0.6513972717440603,71,19,43
1cb9b73a,1,0,32.2,21,116037.0,1,71,575,18671,9992,28663,0.6513972717440603,71,19,43
720b274b,1,1,172.4,21,32334.0,0,71,575,18671,9992,28663,0.6513972717440603,71,19,43
0f6ce9bf,1,0,132.4,22,41912.0,0,71,575,18671,9992,28663,0.6513972717440603,71,19,43
a96b3c42,1,0,54.7,23,43709.0,1,71,575,18671,9992,28663,0.6513972717440603,71,19,43
a902b73f,1,1,29.2,23,57058.0,1,71,575,18671,9992,28663,0.6513972717440603,71,19,43
8fb5d27b,2,1,145.7,0,0.0,0,78,664,21011,10900,31911,0.6584249945159976,78,23,51
1745d6d8,2,0,47.3,1,22547.0,1,78,664,21011,10900,31911,0.6584249945159976,78,23,51
cac5b68c,2,1,52.7,1,11224.0,1,78,664,21011,10900,31911,0.6584249945159976,78,23,51
c754108f,2,1,49.2,1,80683.0,0,78,664,21011,10900,31911,0.6584249945159976,78,23,51
df57c59a,2,0,189.8,2,53013.0,1,78,664,21011,10900,31911,0.6584249945159976,78,23,51
474ebc19,2,1,177.5,2,130164.0,0,78,664,21011,10900,31911,0.6584249945159976,78,23,51
fc3d3348,2,0,28.8,3,48446.0,1,78,664,21011,10900,31911,0.6584249945159976,78,23,51
e1805081,2,1,73.2,3,136995.0,1,78,664,21011,10900,31911,0.6584249945159976,78,23,51
9ad620ab,2,1,44.6,3,46221.0,1,78,664,21011,10900,31911,0.6584249945159976,78,23,51
430f801d,2,1,193.0,3,39113.0,0,78,664,21011,10900,31911,0.6584249945159976,78,23,51
8d3aed99,2,0,26.2,4,5775.0,1,78,664,21011,10900,31911,0.6584249945159976,78,23,51
1bac27a7,2,1,45.4,4,102766.0,1,78,664,21011,10900,31911,0.6584249945159976,78,23,51
aa38d0a1,2,1,47.9,4,143656.0,1,78,664,21011,10900,31911,0.6584249945159976,78,23,51
4d0b0d1a,2,1,195.1,4,12325.0,0,78,664,21011,10900,31911,0.6584249945159976,78,23,51
b1a6b1f1,2,0,155.0,5,198417.0,0,78,664,21011,10900,31911,0.6584249945159976,78,23,51
10714d51,2,0,256.6,6,7111.0,0,78,664,21011,10900,31911,0.6584249945159976,78,23,51
2e85cb21,2,0,34.9,7,103177.0,1,78,664,21011,10900,31911,0.6584249945159976,78,23,51
793b4c32,2,1,204.4,7,57138.0,0,78,664,21011,10900,31911,0.6584249945159976,78,23,51
bd1531c8,2,0,75.1,8,259031.0,1,78,664,21011,10900,31911,0.6584249945159976,78,23,51
c0b6fce2,2,1,71.6,8,44807.0,1,78,664,21011,10900,31911,0.6584249945159976,78,23,51
f2f9e5fa,2,1,225.9,8,43824.0,0,78,664,21011,10900,31911,0.6584249945159976,78,23,51
735435ea,2,0,51.8,9,61889.0,1,78,664,21011,10900,31911,0.6584249945159976,78,23,51
a6c9537f,2,1,266.8,9,125884.0,0,78,664,21011,10900,31911,0.6584249945159976,78,23,51
70286046,2,0,51.4,10,93446.0,1,78,664,21011,10900,31911,0.6584249945159976,78,23,51
097a1e10,2,1,104.3,10,155044.0,1,78,664,21011,10900,31911,0.6584249945159976,78,23,51
9716108e,2,1,48.2,10,5425.0,0,78,664,21011,10900,31911,0.6584249945159976,78,23,51
a79fbfaf,2,0,47.8,11,21267.0,1,78,664,21011,10900,31911,0.6584249945159976,78,23,51
c8120a8e,2,1,50.9,11,4194.0,1,78,664,21011,10900,31911,0.6584249945159976,78,23,51
697c3923,2,1,30.1,11,81610.0,1,78,664,21011,10900,31911,0.6584249945159976,78,23,51
9c07a751,2,1,55.8,11,10551.0,1,78,664,21011,10900,31911,0.6584249945159976,78,23,51
a34db7c5,2,1,41.7,11,16405.0,1,78,664,21011,10900,31911,0.6584249945159976,78,23,51
f1faf665,2,1,52.5,11,21030.0,1,78,664,21011,10900,31911,0.6584249945159976,78,23,51
4b8c5bdc,2,1,50.5,11,113459.0,1,78,664,21011,10900,31911,0.6584249945159976,78,23,51
d31edf1a,2,1,55.0,11,27601.0,1,78,664,21011,10900,31911,0.6584249945159976,78,23,51
39c1e262,2,1,54.8,11,23389.0,1,78,664,21011,10900,31911,0.6584249945159976,78,23,51
0986bbeb,2,1,224.7,11,73049.0,0,78,664,21011,10900,31911,0.6584249945159976,78,23,51
5efa9c5b,2,0,31.1,12,17436.0,1,78,664,21011,10900,31911,0.6584249945159976,78,23,51
34885a46,2,1,80.5,12,87834.0,1,78,664,21011,10900,31911,0.6584249945159976,78,23,51
989240ac,2,1,237.7,12,21606.0,0,78,664,21011,10900,31911,0.6584249945159976,78,23,51
8a4b8f7c,2,0,155.5,13,11516.0,0,78,664,21011,10900,31911,0.6584249945159976,78,23,51
20733f6d,2,0,219.0,14,24400.0,0,78,664,21011,10900,31911,0.6584249945159976,78,23,51
a21150f9,2,0,90.1,15,70235.0,0,78,664,21011,10900,31911,0.6584249945159976,78,23,51
79699ed2,2,0,202.1,16,66282.0,0,78,664,21011,10900,31911,0.6584249945159976,78,23,51
39681c81,2,0,194.7,17,59292.0,0,78,664,21011,10900,31911,0.6584249945159976,78,23,51
90fa6b57,2,0,154.7,18,60167.0,0,78,664,21011,10900,31911,0.6584249945159976,78,23,51
b8ba8368,2,0,203.8,19,25201.0,0,78,664,21011,10900,31911,0.6584249945159976,78,23,51
9e2aa4ac,2,0,85.4,20,15434.0,1,78,664,21011,10900,31911,0.6584249945159976,78,23,51
88575117,2,1,31.0,20,70099.0,1,78,664,21011,10900,31911,0.6584249945159976,78,23,51
a21b0307,2,1,30.8,20,86209.0,1,78,664,21011,10900,31911,0.6584249945159976,78,23,51
2c6a6e9a,2,1,46.6,20,27647.0,1,78,664,21011,10900,31911,0.6584249945159976,78,23,51
73557b9d,2,1,43.6,20,115926.0,1,78,664,21011,10900,31911,0.6584249945159976,78,23,51
eafde7d9,2,1,52.4,20,30263.0,1,78,664,21011,10900,31911,0.6584249945159976,78,23,51
4f6b58c8,2,1,109.9,20,50590.0,0,78,664,21011,10900,31911,0.6584249945159976,78,23,51
f020e992,2,0,149.9,21,9642.0,0,78,664,21011,10900,31911,0.6584249945159976,78,23,51
d436a7a8,2,0,79.2,22,16470.0,1,78,664,21011,10900,31911,0.6584249945159976,78,23,51
4bb907ec,2,1,140.5,22,35945.0,0,78,664,21011,10900,31911,0.6584249945159976,78,23,51
277d1be9,2,0,50.5,23,28593.0,1,78,664,21011,10900,31911,0.6584249945159976,78,23,51
b15e54f6,2,1,185.9,23,3901.0,0,78,664,21011,10900,31911,0.6584249945159976,78,23,51
0b2f6d5c,2,0,257.6,24,12745.0,0,78,664,21011,10900,31911,0.6584249945159976,78,23,51
4970ed9a,2,0,24.2,25,138299.0,0,78,664,21011,10900,31911,0.6584249945159976,78,23,51
8bc78e81,2,0,11.7,26,140064.0,1,78,664,21011,10900,31911,0.6584249945159976,78,23,51
523ae993,2,1,73.5,26,115204.0,1,78,664,21011,10900,31911,0.6584249945159976,78,23,51
c74cc890,2,1,60.9,26,68479.0,1,78,664,21011,10900,31911,0.6584249945159976,78,23,51
7e7838c9,2,1,29.8,26,130210.0,1,78,664,21011,10900,31911,0.6584249945159976,78,23,51
c7bf4fbc,2,1,28.4,26,56308.0,1,78,664,21011,10900,31911,0.6584249945159976,78,23,51
83d5bceb,2,1,45.3,26,156178.0,1,78,664,21011,10900,31911,0.6584249945159976,78,23,51
64d6dfbf,2,1,42.9,26,135772.0,1,78,664,21011,10900,31911,0.6584249945159976,78,23,51
8255da61,2,1,22.2,26,13406.0,1,78,664,21011,10900,31911,0.6584249945159976,78,23,51
83f82f16,2,1,59.8,26,23066.0,1,78,664,21011,10900,31911,0.6584249945159976,78,23,51
9cf20859,2,1,151.5,26,4398.0,0,78,664,21011,10900,31911,0.6584249945159976,78,23,51
887b03e5,2,0,47.8,27,140874.0,1,78,664,21011,10900,31911,0.6584249945159976,78,23,51
8ce3e7c3,2,1,217.8,27,138764.0,0,78,664,21011,10900,31911,0.6584249945159976,78,23,51
f64e3dfc,2,0,191.4,28,68153.0,0,78,664,21011,10900,31911,0.6584249945159976,78,23,51
80a52e65,2,0,12.4,29,127688.0,1,78,664,21011,10900,31911,0.6584249945159976,78,23,51
74797b61,2,1,144.5,29,27262.0,0,78,664,21011,10900,31911,0.6584249945159976,78,23,51
dabf984e,2,0,61.6,30,58271.0,1,78,664,21011,10900,31911,0.6584249945159976,78,23,51
6d5d0477,2,1,49.0,30,255461.0,1,78,664,21011,10900,31911,0.6584249945159976,78,23,51
ea2c7a51,2,1,150.4,30,43847.0,0,78,664,21011,10900,31911,0.6584249945159976,78,23,51
9a1de644,3,1,184.4,0,0.0,0,67,616,20300,10172,30472,0.6661853504856918,67,21,38
47378190,3,0,56.1,1,16980.0,0,67,616,20300,10172,30472,0.6661853504856918,67,21,38
d7c524a5,3,0,232.3,2,125047.0,0,67,616,20300,10172,30472,0.6661853504856918,67,21,38
c333e861,3,0,36.0,3,149286.0,1,67,616,20300,10172,30472,0.6661853504856918,67,21,38
72d8567d,3,1,176.4,3,183734.0,0,67,616,20300,10172,30472,0.6661853504856918,67,21,38
944528c0,3,0,56.3,4,89203.0,1,67,616,20300,10172,30472,0.6661853504856918,67,21,38
506e5a9a,3,1,38.8,4,63724.0,1,67,616,20300,10172,30472,0.6661853504856918,67,21,38
21813d25,3,1,199.2,4,3945.0,0,67,616,20300,10172,30472,0.6661853504856918,67,21,38
341ef40b,3,0,10.0,5,88027.0,1,67,616,20300,10172,30472,0.6661853504856918,67,21,38
f9e8a369,3,1,55.6,5,108529.0,1,67,616,20300,10172,30472,0.6661853504856918,67,21,38
3170f437,3,1,61.0,5,56373.0,1,67,616,20300,10172,30472,0.6661853504856918,67,21,38
b572f3d0,3,1,50.0,5,65632.0,1,67,616,20300,10172,30472,0.6661853504856918,67,21,38
25b8fd4b,3,1,30.5,5,126186.0,1,67,616,20300,10172,30472,0.6661853504856918,67,21,38
b00805cc,3,1,64.8,5,30028.0,1,67,616,20300,10172,30472,0.6661853504856918,67,21,38
51d87c64,3,1,216.7,5,97647.0,0,67,616,20300,10172,30472,0.6661853504856918,67,21,38
45df16b6,3,0,184.2,6,76379.0,1,67,616,20300,10172,30472,0.6661853504856918,67,21,38
56666f9f,3,1,218.6,6,53879.0,0,67,616,20300,10172,30472,0.6661853504856918,67,21,38
9f0fda8d,3,0,223.7,7,44585.0,0,67,616,20300,10172,30472,0.6661853504856918,67,21,38
41992fdf,3,0,40.4,8,14853.0,1,67,616,20300,10172,30472,0.6661853504856918,67,21,38
4223623b,3,1,53.1,8,156203.0,1,67,616,20300,10172,30472,0.6661853504856918,67,21,38
be2d740a,3,1,109.6,8,80858.0,1,67,616,20300,10172,30472,0.6661853504856918,67,21,38
4d6168bd,3,1,72.8,8,32564.0,1,67,616,20300,10172,30472,0.6661853504856918,67,21,38
61607459,3,1,148.0,8,87893.0,0,67,616,20300,10172,30472,0.6661853504856918,67,21,38
1337739e,3,0,176.8,9,35633.0,0,67,616,20300,10172,30472,0.6661853504856918,67,21,38
8b6870b5,3,0,38.0,10,44105.0,1,67,616,20300,10172,30472,0.6661853504856918,67,21,38
e88da719,3,1,48.0,10,6201.0,1,67,616,20300,10172,30472,0.6661853504856918,67,21,38
25074181,3,1,54.6,10,231513.0,1,67,616,20300,10172,30472,0.6661853504856918,67,21,38
3bcabf85,3,1,47.9,10,70614.0,1,67,616,20300,10172,30472,0.6661853504856918,67,21,38
6f18c108,3,1,54.0,10,108630.0,0,67,616,20300,10172,30472,0.6661853504856918,67,21,38
9549c931,3,0,68.2,11,53103.0,1,67,616,20300,10172,30472,0.6661853504856918,67,21,38
da743152,3,1,91.5,11,50406.0,1,67,616,20300,10172,30472,0.6661853504856918,67,21,38
ad81f8bd,3,1,36.0,11,58038.0,1,67,616,20300,10172,30472,0.6661853504856918,67,21,38
8a16a06c,3,1,28.9,11,41440.0,1,67,616,20300,10172,30472,0.6661853504856918,67,21,38
a2a9d4d8,3,1,190.5,11,99056.0,0,67,616,20300,10172,30472,0.6661853504856918,67,21,38
f3579560,3,0,61.9,12,69465.0,1,67,616,20300,10172,30472,0.6661853504856918,67,21,38
196f4dfa,3,1,40.0,12,6883.0,1,67,616,20300,10172,30472,0.6661853504856918,67,21,38
d0243d72,3,1,149.3,12,53031.0,1,67,616,20300,10172,30472,0.6661853504856918,67,21,38
040a3aae,3,1,52.2,12,43209.0,1,67,616,20300,10172,30472,0.6661853504856918,67,21,38
1d2324e6,3,1,23.9,12,324598.0,1,67,616,20300,10172,30472,0.6661853504856918,67,21,38
996d5c50,3,1,136.1,12,20305.0,0,67,616,20300,10172,30472,0.6661853504856918,67,21,38
c3a00c6f,3,0,159.5,13,12140.0,0,67,616,20300,10172,30472,0.6661853504856918,67,21,38
fdb1429e,3,0,168.0,14,264385.0,0,67,616,20300,10172,30472,0.6661853504856918,67,21,38
c422d03e,3,0,67.8,15,112083.0,1,67,616,20300,10172,30472,0.6661853504856918,67,21,38
9c4ffb46,3,1,234.2,15,67060.0,0,67,616,20300,10172,30472,0.6661853504856918,67,21,38
236e1608,3,0,118.0,16,47994.0,0,67,616,20300,10172,30472,0.6661853504856918,67,21,38
8c7e6f42,3,0,158.0,17,108121.0,0,67,616,20300,10172,30472,0.6661853504856918,67,21,38
4a90cd0c,3,0,247.8,18,42781.0,0,67,616,20300,10172,30472,0.6661853504856918,67,21,38
2ff3cde4,3,0,161.8,19,10268.0,0,67,616,20300,10172,30472,0.6661853504856918,67,21,38
50cae32d,3,0,54.6,20,98334.0,1,67,616,20300,10172,30472,0.6661853504856918,67,21,38
06a241af,3,1,211.7,20,183869.0,0,67,616,20300,10172,30472,0.6661853504856918,67,21,38
6aa56e6d,3,0,63.5,21,242304.0,0,67,616,20300,10172,30472,0.6661853504856918,67,21,38
af5b8f47,3,0,210.8,22,21735.0,0,67,616,20300,10172,30472,0.6661853504856918,67,21,38
0cf477ef,3,0,187.9,23,51611.0,0,67,616,20300,10172,30472,0.6661853504856918,67,21,38
0c74dc0f,3,0,192.7,24,55593.0,0,67,616,20300,10172,30472,0.6661853504856918,67,21,38
49e1cd13,3,0,33.3,25,42405.0,1,67,616,20300,10172,30472,0.6661853504856918,67,21,38
504e2687,3,1,77.9,25,160763.0,1,67,616,20300,10172,30472,0.6661853504856918,67,21,38
c66495a7,3,1,31.7,25,12209.0,1,67,616,20300,10172,30472,0.6661853504856918,67,21,38
4c6a70f4,3,1,47.3,25,58927.0,0,67,616,20300,10172,30472,0.6661853504856918,67,21,38
fb756923,3,0,40.0,26,7785.0,1,67,616,20300,10172,30472,0.6661853504856918,67,21,38
7d2f4e58,3,1,27.7,26,9895.0,1,67,616,20300,10172,30472,0.6661853504856918,67,21,38
89e03e22,3,1,23.5,26,52243.0,1,67,616,20300,10172,30472,0.6661853504856918,67,21,38
0d700ea4,3,1,29.1,26,28569.0,1,67,616,20300,10172,30472,0.6661853504856918,67,21,38
98874bfe,3,1,244.7,26,264753.0,0,67,616,20300,10172,30472,0.6661853504856918,67,21,38
7d23d479,3,0,142.0,27,43331.0,0,67,616,20300,10172,30472,0.6661853504856918,67,21,38
980cb95c,3,0,226.7,28,165062.0,0,67,616,20300,10172,30472,0.6661853504856918,67,21,38
c11f6bf5,3,0,152.5,29,23301.0,0,67,616,20300,10172,30472,0.6661853504856918,67,21,38
b523c0de,3,0,229.2,30,90939.0,0,67,616,20300,10172,30472,0.6661853504856918,67,21,38
23b8c1e9,4,1,41.5,0,0.0,1,62,447,12191,6627,18818,0.6478371771707939,62,25,40
74273ca3,4,1,35.2,0,281484.0,1,62,447,12191,6627,18818,0.6478371771707939,62,25,40
d5704f32,4,1,45.8,0,414802.0,1,62,447,12191,6627,18818,0.6478371771707939,62,25,40
5380b904,4,1,56.2,0,320433.0,1,62,447,12191,6627,18818,0.6478371771707939,62,25,40
6e0d2648,4,1,12.0,0,31032.0,1,62,447,12191,6627,18818,0.6478371771707939,62,25,40
a2086977,4,1,55.6,0,33223.0,1,62,447,12191,6627,18818,0.6478371771707939,62,25,40
8573e793,4,1,39.8,0,130501.0,1,62,447,12191,6627,18818,0.6478371771707939,62,25,40
78660765,4,1,245.1,0,162249.0,0,62,447,12191,6627,18818,0.6478371771707939,62,25,40
0692dc63,4,0,43.5,1,62184.0,1,62,447,12191,6627,18818,0.6478371771707939,62,25,40
eb6c1016,4,1,20.8,1,88228.0,1,62,447,12191,6627,18818,0.6478371771707939,62,25,40
3ed8c56c,4,1,165.4,1,15143.0,1,62,447,12191,6627,18818,0.6478371771707939,62,25,40
b8a6171f,4,1,23.7,1,107669.0,1,62,447,12191,6627,18818,0.6478371771707939,62,25,40
0df56ac6,4,1,18.5,1,47934.0,1,62,447,12191,6627,18818,0.6478371771707939,62,25,40
3f897142,4,1,51.5,1,59543.0,1,62,447,12191,6627,18818,0.6478371771707939,62,25,40
0f6b40d0,4,1,58.8,1,34141.0,1,62,447,12191,6627,18818,0.6478371771707939,62,25,40
2834e4c0,4,1,38.9,1,16530.0,1,62,447,12191,6627,18818,0.6478371771707939,62,25,40
743b65a2,4,1,13.2,1,27153.0,1,62,447,12191,6627,18818,0.6478371771707939,62,25,40
a003cd28,4,1,244.6,1,11106.0,0,62,447,12191,6627,18818,0.6478371771707939,62,25,40
1247ea4e,4,0,52.7,2,21739.0,1,62,447,12191,6627,18818,0.6478371771707939,62,25,40
668409e3,4,1,45.3,2,112810.0,1,62,447,12191,6627,18818,0.6478371771707939,62,25,40
8d605936,4,1,211.2,2,75198.0,1,62,447,12191,6627,18818,0.6478371771707939,62,25,40
9475dbc9,4,1,39.9,2,76631.0,1,62,447,12191,6627,18818,0.6478371771707939,62,25,40
b15516bc,4,1,37.4,2,95404.0,0,62,447,12191,6627,18818,0.6478371771707939,62,25,40
6e417d47,4,0,170.9,3,70272.0,0,62,447,12191,6627,18818,0.6478371771707939,62,25,40
aab612c9,4,0,239.6,4,38164.0,0,62,447,12191,6627,18818,0.6478371771707939,62,25,40
4d57d880,4,0,76.3,5,32390.0,1,62,447,12191,6627,18818,0.6478371771707939,62,25,40
1dde7969,4,1,68.0,5,216693.0,1,62,447,12191,6627,18818,0.6478371771707939,62,25,40
1dba1267,4,1,66.7,5,12048.0,1,62,447,12191,6627,18818,0.6478371771707939,62,25,40
5edb0d3c,4,1,50.1,5,39732.0,0,62,447,12191,6627,18818,0.6478371771707939,62,25,40
1f45dbfd,4,0,33.2,6,27566.0,1,62,447,12191,6627,18818,0.6478371771707939,62,25,40
1c24220e,4,1,43.1,6,66991.0,1,62,447,12191,6627,18818,0.6478371771707939,62,25,40
f6ca6b8b,4,1,163.7,6,58174.0,0,62,447,12191,6627,18818,0.6478371771707939,62,25,40
9afd4015,4,0,42.0,7,48585.0,1,62,447,12191,6627,18818,0.6478371771707939,62,25,40
5a057c11,4,1,48.7,7,97728.0,1,62,447,12191,6627,18818,0.6478371771707939,62,25,40
cea60f4c,4,1,239.3,7,26905.0,0,62,447,12191,6627,18818,0.6478371771707939,62,25,40
4f199ec0,4,0,38.2,8,32863.0,1,62,447,12191,6627,18818,0.6478371771707939,62,25,40
1eb74b56,4,1,32.4,8,111913.0,0,62,447,12191,6627,18818,0.6478371771707939,62,25,40
97674900,4,0,164.5,9,180024.0,1,62,447,12191,6627,18818,0.6478371771707939,62,25,40
09a0a0f6,4,1,197.9,9,9596.0,0,62,447,12191,6627,18818,0.6478371771707939,62,25,40
c6435300,4,0,39.6,10,86132.0,1,62,447,12191,6627,18818,0.6478371771707939,62,25,40
c8a723e9,4,1,21.6,10,168714.0,1,62,447,12191,6627,18818,0.6478371771707939,62,25,40
c8cc7cfe,4,1,64.2,10,11568.0,1,62,447,12191,6627,18818,0.6478371771707939,62,25,40
3d0a5f0c,4,1,65.8,10,153562.0,1,62,447,12191,6627,18818,0.6478371771707939,62,25,40
ca862225,4,1,44.5,10,129887.0,0,62,447,12191,6627,18818,0.6478371771707939,62,25,40
c7e53bbb,4,0,32.8,11,27560.0,1,62,447,12191,6627,18818,0.6478371771707939,62,25,40
5e368127,4,1,229.6,11,9963.0,1,62,447,12191,6627,18818,0.6478371771707939,62,25,40
9a45693d,4,1,39.9,11,54655.0,1,62,447,12191,6627,18818,0.6478371771707939,62,25,40
b43bd27f,4,1,186.7,11,115086.0,0,62,447,12191,6627,18818,0.6478371771707939,62,25,40
ffa623d0,4,0,38.3,12,10509.0,1,62,447,12191,6627,18818,0.6478371771707939,62,25,40
5299e505,4,1,22.0,12,143894.0,1,62,447,12191,6627,18818,0.6478371771707939,62,25,40
17eaec83,4,1,43.0,12,28619.0,1,62,447,12191,6627,18818,0.6478371771707939,62,25,40
dd39d793,4,1,77.5,12,125392.0,1,62,447,12191,6627,18818,0.6478371771707939,62,25,40
b9aed8e4,4,1,154.9,12,199265.0,0,62,447,12191,6627,18818,0.6478371771707939,62,25,40
b4746349,4,0,55.2,13,134908.0,1,62,447,12191,6627,18818,0.6478371771707939,62,25,40
92cf6021,4,1,51.1,13,19860.0,1,62,447,12191,6627,18818,0.6478371771707939,62,25,40
b2384849,4,1,144.0,13,45522.0,0,62,447,12191,6627,18818,0.6478371771707939,62,25,40
9d9d028e,4,0,141.4,14,2536.0,0,62,447,12191,6627,18818,0.6478371771707939,62,25,40
a55990e7,4,0,55.2,15,54662.0,0,62,447,12191,6627,18818,0.6478371771707939,62,25,40
b8168aeb,4,0,237.1,16,394710.0,0,62,447,12191,6627,18818,0.6478371771707939,62,25,40
fc568b53,4,0,33.4,17,98688.0,1,62,447,12191,6627,18818,0.6478371771707939,62,25,40
8e85140d,4,1,19.7,17,8636.0,1,62,447,12191,6627,18818,0.6478371771707939,62,25,40
c12169db,4,1,189.5,17,38165.0,0,62,447,12191,6627,18818,0.6478371771707939,62,25,40
371ecd7b,5,1,39.2,0,0.0,1,69,658,17325,9237,26562,0.652247571718997,69,15,36
ce9ff57f,5,1,50.4,0,17373.0,1,69,658,17325,9237,26562,0.652247571718997,69,15,36
b45ed1f0,5,1,193.2,0,26905.0,0,69,658,17325,9237,26562,0.652247571718997,69,15,36
4458a885,5,0,49.5,1,31076.0,1,69,658,17325,9237,26562,0.652247571718997,69,15,36
ff5e9ff0,5,1,144.6,1,91835.0,0,69,658,17325,9237,26562,0.652247571718997,69,15,36
847fd9b4,5,0,32.6,2,178988.0,1,69,658,17325,9237,26562,0.652247571718997,69,15,36
778eedb3,5,1,54.7,2,70147.0,1,69,658,17325,9237,26562,0.652247571718997,69,15,36
958ca9ba,5,1,45.7,2,122881.0,1,69,658,17325,9237,26562,0.652247571718997,69,15,36
ef8c485b,5,1,58.0,2,73339.0,1,69,658,17325,9237,26562,0.652247571718997,69,15,36
e256a6dc,5,1,23.9,2,166864.0,1,69,658,17325,9237,26562,0.652247571718997,69,15,36
6651529e,5,1,178.6,2,91301.0,0,69,658,17325,9237,26562,0.652247571718997,69,15,36
1d870966,5,0,28.2,3,11872.0,1,69,658,17325,9237,26562,0.652247571718997,69,15,36
504d281f,5,1,36.7,3,20841.0,1,69,658,17325,9237,26562,0.652247571718997,69,15,36
f2e9702d,5,1,61.6,3,36730.0,1,69,658,17325,9237,26562,0.652247571718997,69,15,36
1fe771d6,5,1,47.2,3,11636.0,1,69,658,17325,9237,26562,0.652247571718997,69,15,36
71316269,5,1,43.5,3,53285.0,1,69,658,17325,9237,26562,0.652247571718997,69,15,36
63d62a39,5,1,69.6,3,220802.0,1,69,658,17325,9237,26562,0.652247571718997,69,15,36
cc530e36,5,1,216.7,3,33732.0,0,69,658,17325,9237,26562,0.652247571718997,69,15,36
1190f938,5,0,21.7,4,68600.0,1,69,658,17325,9237,26562,0.652247571718997,69,15,36
989d9d4a,5,1,222.9,4,194599.0,0,69,658,17325,9237,26562,0.652247571718997,69,15,36
5230dfbd,5,0,167.6,5,383864.0,0,69,658,17325,9237,26562,0.652247571718997,69,15,36
7ed70ed7,5,0,223.0,6,10811.0,0,69,658,17325,9237,26562,0.652247571718997,69,15,36
c5c5b37a,5,0,169.3,7,20536.0,0,69,658,17325,9237,26562,0.652247571718997,69,15,36
8b1e3b9d,5,0,53.3,8,152769.0,1,69,658,17325,9237,26562,0.652247571718997,69,15,36
b489d070,5,1,200.5,8,27694.0,0,69,658,17325,9237,26562,0.652247571718997,69,15,36
dfcaf0b7,5,0,57.4,9,27450.0,1,69,658,17325,9237,26562,0.652247571718997,69,15,36
dbfdd97e,5,1,186.2,9,37738.0,0,69,658,17325,9237,26562,0.652247571718997,69,15,36
4c955f6a,5,0,62.1,10,119287.0,1,69,658,17325,9237,26562,0.652247571718997,69,15,36
2cf6bf75,5,1,63.5,10,112535.0,1,69,658,17325,9237,26562,0.652247571718997,69,15,36
3bdbc09e,5,1,12.7,10,84100.0,1,69,658,17325,9237,26562,0.652247571718997,69,15,36
10d08d11,5,1,57.7,10,260999.0,1,69,658,17325,9237,26562,0.652247571718997,69,15,36
5fd23109,5,1,47.6,10,65005.0,1,69,658,17325,9237,26562,0.652247571718997,69,15,36
914dcfae,5,1,157.7,10,157002.0,0,69,658,17325,9237,26562,0.652247571718997,69,15,36
4882d73c,5,0,41.3,11,36551.0,1,69,658,17325,9237,26562,0.652247571718997,69,15,36
f296d9f0,5,1,231.8,11,90871.0,0,69,658,17325,9237,26562,0.652247571718997,69,15,36
c77444cb,5,0,27.8,12,32579.0,1,69,658,17325,9237,26562,0.652247571718997,69,15,36
80599b93,5,1,47.1,12,141781.0,1,69,658,17325,9237,26562,0.652247571718997,69,15,36
15969802,5,1,69.7,12,17558.0,1,69,658,17325,9237,26562,0.652247571718997,69,15,36
0d67d38e,5,1,176.4,12,31308.0,0,69,658,17325,9237,26562,0.652247571718997,69,15,36
a9e27ba9,5,0,27.7,13,30249.0,1,69,658,17325,9237,26562,0.652247571718997,69,15,36
f37fd50d,5,1,70.0,13,54818.0,1,69,658,17325,9237,26562,0.652247571718997,69,15,36
9e374f7a,5,1,60.9,13,39844.0,1,69,658,17325,9237,26562,0.652247571718997,69,15,36
92070158,5,1,224.0,13,58686.0,0,69,658,17325,9237,26562,0.652247571718997,69,15,36
fe9936a3,5,0,252.3,14,79407.0,0,69,658,17325,9237,26562,0.652247571718997,69,15,36
d6d441cc,5,0,60.4,15,13302.0,1,69,658,17325,9237,26562,0.652247571718997,69,15,36
86abd4e7,5,1,59.7,15,99493.0,0,69,658,17325,9237,26562,0.652247571718997,69,15,36
2cd2a404,5,0,156.7,16,56685.0,0,69,658,17325,9237,26562,0.652247571718997,69,15,36
7f072cb9,5,0,62.2,17,81577.0,0,69,658,17325,9237,26562,0.652247571718997,69,15,36
13aec376,5,0,13.0,18,116893.0,1,69,658,17325,9237,26562,0.652247571718997,69,15,36
8ccc9cea,5,1,26.6,18,76556.0,1,69,658,17325,9237,26562,0.652247571718997,69,15,36
fba6abf7,5,1,196.8,18,42328.0,0,69,658,17325,9237,26562,0.652247571718997,69,15,36
73318749,5,0,34.4,19,33030.0,1,69,658,17325,9237,26562,0.652247571718997,69,15,36
90494583,5,1,115.5,19,87121.0,0,69,658,17325,9237,26562,0.652247571718997,69,15,36
5005680f,5,0,13.8,20,63950.0,1,69,658,17325,9237,26562,0.652247571718997,69,15,36
b89bdf7f,5,1,57.0,20,55178.0,1,69,658,17325,9237,26562,0.652247571718997,69,15,36
28caaa1d,5,1,188.2,20,2722.0,0,69,658,17325,9237,26562,0.652247571718997,69,15,36
56ce4b42,5,0,61.1,21,99378.0,0,69,658,17325,9237,26562,0.652247571718997,69,15,36
fd98fe33,5,0,72.2,22,40924.0,1,69,658,17325,9237,26562,0.652247571718997,69,15,36
ad05b912,5,1,63.1,22,141781.0,1,69,658,17325,9237,26562,0.652247571718997,69,15,36
8f7c1d59,5,1,74.2,22,42961.0,1,69,658,17325,9237,26562,0.652247571718997,69,15,36
fd359f6a,5,1,125.9,22,177497.0,0,69,658,17325,9237,26562,0.652247571718997,69,15,36
915a1c30,5,0,209.7,23,39622.0,0,69,658,17325,9237,26562,0.652247571718997,69,15,36
ab545a15,5,0,139.8,24,19066.0,0,69,658,17325,9237,26562,0.652247571718997,69,15,36
b90ed44b,5,0,156.6,25,27775.0,0,69,658,17325,9237,26562,0.652247571718997,69,15,36
0fe76149,5,0,30.2,26,12206.0,1,69,658,17325,9237,26562,0.652247571718997,69,15,36
3818cfd3,5,1,159.5,26,32119.0,0,69,658,17325,9237,26562,0.652247571718997,69,15,36
3040413c,5,0,168.8,27,214346.0,0,69,658,17325,9237,26562,0.652247571718997,69,15,36
c5c51060,5,0,152.7,28,71720.0,0,69,658,17325,9237,26562,0.652247571718997,69,15,36
abdd1a8f,5,0,65.3,29,44511.0,1,69,658,17325,9237,26562,0.652247571718997,69,15,36
17fc695a,6,1,36.8,0,0.0,1,72,691,18260,8970,27230,0.6705839147998531,72,16,51
d8f56413,6,1,40.4,0,48834.0,1,72,691,18260,8970,27230,0.6705839147998531,72,16,51
a2bc372f,6,1,177.0,0,54652.0,1,72,691,18260,8970,27230,0.6705839147998531,72,16,51
3602f8ac,6,1,254.6,0,59363.0,0,72,691,18260,8970,27230,0.6705839147998531,72,16,51
663f1c97,6,0,43.9,1,40069.0,1,72,691,18260,8970,27230,0.6705839147998531,72,16,51
ff01cf99,6,1,170.5,1,30541.0,0,72,691,18260,8970,27230,0.6705839147998531,72,16,51
a65e688e,6,0,192.9,2,148009.0,0,72,691,18260,8970,27230,0.6705839147998531,72,16,51
36b82481,6,0,49.7,3,143966.0,1,72,691,18260,8970,27230,0.6705839147998531,72,16,51
c8b8d9c6,6,1,138.5,3,15406.0,0,72,691,18260,8970,27230,0.6705839147998531,72,16,51
90b2b633,6,0,70.1,4,82412.0,1,72,691,18260,8970,27230,0.6705839147998531,72,16,51
bc8f7d29,6,1,47.7,4,219123.0,1,72,691,18260,8970,27230,0.6705839147998531,72,16,51
dd334cc7,6,1,197.2,4,13599.0,0,72,691,18260,8970,27230,0.6705839147998531,72,16,51
dbccc477,6,0,45.4,5,16451.0,1,72,691,18260,8970,27230,0.6705839147998531,72,16,51
dd463c09,6,1,38.3,5,25042.0,1,72,691,18260,8970,27230,0.6705839147998531,72,16,51
82ec9f2d,6,1,54.5,5,49601.0,1,72,691,18260,8970,27230,0.6705839147998531,72,16,51
ecf27e76,6,1,37.2,5,14024.0,1,72,691,18260,8970,27230,0.6705839147998531,72,16,51
8dedf9fb,6,1,38.3,5,45703.0,1,72,691,18260,8970,27230,0.6705839147998531,72,16,51
e71e43a6,6,1,157.6,5,10729.0,0,72,691,18260,8970,27230,0.6705839147998531,72,16,51
001a9a8b,6,0,23.3,6,10334.0,1,72,691,18260,8970,27230,0.6705839147998531,72,16,51
cdda24ba,6,1,36.4,6,101415.0,1,72,691,18260,8970,27230,0.6705839147998531,72,16,51
8c41561b,6,1,10.0,6,45403.0,1,72,691,18260,8970,27230,0.6705839147998531,72,16,51
8ae8905b,6,1,61.6,6,57877.0,1,72,691,18260,8970,27230,0.6705839147998531,72,16,51
bc10fa52,6,1,220.9,6,43670.0,0,72,691,18260,8970,27230,0.6705839147998531,72,16,51
638c254c,6,0,44.1,7,16011.0,1,72,691,18260,8970,27230,0.6705839147998531,72,16,51
d72b6108,6,1,117.2,7,11659.0,0,72,691,18260,8970,27230,0.6705839147998531,72,16,51
a9ba5a27,6,0,34.5,8,15723.0,1,72,691,18260,8970,27230,0.6705839147998531,72,16,51
11a72609,6,1,51.6,8,151451.0,1,72,691,18260,8970,27230,0.6705839147998531,72,16,51
97ac6aa8,6,1,35.9,8,49191.0,1,72,691,18260,8970,27230,0.6705839147998531,72,16,51
7e8adee7,6,1,64.9,8,25239.0,1,72,691,18260,8970,27230,0.6705839147998531,72,16,51
93b7a886,6,1,26.2,8,178759.0,1,72,691,18260,8970,27230,0.6705839147998531,72,16,51
801ef1da,6,1,41.1,8,152823.0,1,72,691,18260,8970,27230,0.6705839147998531,72,16,51
d32e6dcd,6,1,31.6,8,107720.0,0,72,691,18260,8970,27230,0.6705839147998531,72,16,51
fe049059,6,0,26.5,9,56622.0,1,72,691,18260,8970,27230,0.6705839147998531,72,16,51
9970cf60,6,1,200.0,9,38151.0,0,72,691,18260,8970,27230,0.6705839147998531,72,16,51
5260001e,6,0,183.6,10,54953.0,0,72,691,18260,8970,27230,0.6705839147998531,72,16,51
da0d4a5f,6,0,40.1,11,81700.0,1,72,691,18260,8970,27230,0.6705839147998531,72,16,51
cdf974a7,6,1,40.2,11,292743.0,1,72,691,18260,8970,27230,0.6705839147998531,72,16,51
895ccd99,6,1,197.6,11,7368.0,0,72,691,18260,8970,27230,0.6705839147998531,72,16,51
f0b6f83f,6,0,39.6,12,19110.0,1,72,691,18260,8970,27230,0.6705839147998531,72,16,51
87d292a6,6,1,132.4,12,281420.0,0,72,691,18260,8970,27230,0.6705839147998531,72,16,51
b3a7d0e0,6,0,44.9,13,7577.0,1,72,691,18260,8970,27230,0.6705839147998531,72,16,51
f97be2dd,6,1,202.5,13,126885.0,0,72,691,18260,8970,27230,0.6705839147998531,72,16,51
5744f596,6,0,52.2,14,57869.0,1,72,691,18260,8970,27230,0.6705839147998531,72,16,51
beed10b6,6,1,49.9,14,169022.0,1,72,691,18260,8970,27230,0.6705839147998531,72,16,51
04aac1b7,6,1,152.9,14,274097.0,0,72,691,18260,8970,27230,0.6705839147998531,72,16,51
b836c448,6,0,143.3,15,69681.0,0,72,691,18260,8970,27230,0.6705839147998531,72,16,51
d11fc8c0,6,0,51.2,16,50767.0,1,72,691,18260,8970,27230,0.6705839147998531,72,16,51
808389c8,6,1,66.8,16,56113.0,1,72,691,18260,8970,27230,0.6705839147998531,72,16,51
9f708368,6,1,25.7,16,77709.0,0,72,691,18260,8970,27230,0.6705839147998531,72,16,51
5a5226e6,6,0,73.5,17,24705.0,0,72,691,18260,8970,27230,0.6705839147998531,72,16,51
40ef3935,6,0,42.3,18,41326.0,1,72,691,18260,8970,27230,0.6705839147998531,72,16,51
be4969ec,6,1,39.1,18,102271.0,0,72,691,18260,8970,27230,0.6705839147998531,72,16,51
d284f54e,6,0,56.0,19,31366.0,1,72,691,18260,8970,27230,0.6705839147998531,72,16,51
cd14a03e,6,1,214.9,19,53139.0,0,72,691,18260,8970,27230,0.6705839147998531,72,16,51
4758367b,6,0,108.5,20,53824.0,0,72,691,18260,8970,27230,0.6705839147998531,72,16,51
1e2595b8,6,0,49.8,21,18357.0,1,72,691,18260,8970,27230,0.6705839147998531,72,16,51
d2c65ee4,6,1,199.2,21,112880.0,0,72,691,18260,8970,27230,0.6705839147998531,72,16,51
12ae5c22,6,0,50.2,22,144102.0,1,72,691,18260,8970,27230,0.6705839147998531,72,16,51
343ada2a,6,1,48.6,22,11473.0,1,72,691,18260,8970,27230,0.6705839147998531,72,16,51
8fd33afc,6,1,120.0,22,128041.0,0,72,691,18260,8970,27230,0.6705839147998531,72,16,51
0b990034,6,0,10.0,23,50216.0,1,72,691,18260,8970,27230,0.6705839147998531,72,16,51
b0c4a01c,6,1,43.6,23,122945.0,1,72,691,18260,8970,27230,0.6705839147998531,72,16,51
f4613f09,6,1,37.1,23,110401.0,1,72,691,18260,8970,27230,0.6705839147998531,72,16,51
2d007d05,6,1,49.8,23,119030.0,1,72,691,18260,8970,27230,0.6705839147998531,72,16,51
83e96ef4,6,1,203.4,23,91601.0,0,72,691,18260,8970,27230,0.6705839147998531,72,16,51
e9ad0e9b,6,0,34.8,24,91349.0,1,72,691,18260,8970,27230,0.6705839147998531,72,16,51
00c59f30,6,1,178.5,24,90190.0,1,72,691,18260,8970,27230,0.6705839147998531,72,16,51
22ab7752,6,1,52.4,24,32131.0,1,72,691,18260,8970,27230,0.6705839147998531,72,16,51
efad49e9,6,1,103.5,24,93366.0,0,72,691,18260,8970,27230,0.6705839147998531,72,16,51
519894d8,6,0,64.4,25,103215.0,1,72,691,18260,8970,27230,0.6705839147998531,72,16,51
2253e706,6,1,177.9,25,36978.0,0,72,691,18260,8970,27230,0.6705839147998531,72,16,51
340de049,6,0,52.5,26,4268.0,1,72,691,18260,8970,27230,0.6705839147998531,72,16,51
fd5166e6,7,1,52.1,0,0.0,1,65,687,21152,9824,30976,0.6828512396694215,65,23,37
ea1fca65,7,1,149.9,0,43258.0,0,65,687,21152,9824,30976,0.6828512396694215,65,23,37
f89897b9,7,0,182.6,1,59880.0,0,65,687,21152,9824,30976,0.6828512396694215,65,23,37
3985c3cf,7,0,189.0,2,149731.0,1,65,687,21152,9824,30976,0.6828512396694215,65,23,37
21df306f,7,1,161.2,2,38136.0,0,65,687,21152,9824,30976,0.6828512396694215,65,23,37
30beb45f,7,0,22.0,3,18335.0,1,65,687,21152,9824,30976,0.6828512396694215,65,23,37
ec5b227c,7,1,218.2,3,46593.0,0,65,687,21152,9824,30976,0.6828512396694215,65,23,37
4bf50b52,7,0,36.3,4,69858.0,1,65,687,21152,9824,30976,0.6828512396694215,65,23,37
da4bd9ca,7,1,60.1,4,22853.0,1,65,687,21152,9824,30976,0.6828512396694215,65,23,37
d10bd1d0,7,1,172.5,4,290590.0,0,65,687,21152,9824,30976,0.6828512396694215,65,23,37
c4bbb7a9,7,0,41.3,5,217400.0,0,65,687,21152,9824,30976,0.6828512396694215,65,23,37
fce68504,7,0,38.1,6,59603.0,1,65,687,21152,9824,30976,0.6828512396694215,65,23,37
be6033f7,7,1,44.3,6,27826.0,1,65,687,21152,9824,30976,0.6828512396694215,65,23,37
464c04af,7,1,43.9,6,20627.0,1,65,687,21152,9824,30976,0.6828512396694215,65,23,37
49257af1,7,1,44.4,6,3422.0,1,65,687,21152,9824,30976,0.6828512396694215,65,23,37
34f3193c,7,1,62.8,6,33618.0,1,65,687,21152,9824,30976,0.6828512396694215,65,23,37
fb10987f,7,1,116.3,6,72014.0,0,65,687,21152,9824,30976,0.6828512396694215,65,23,37
ab0e664e,7,0,208.8,7,230941.0,0,65,687,21152,9824,30976,0.6828512396694215,65,23,37
3d85de89,7,0,56.0,8,43147.0,1,65,687,21152,9824,30976,0.6828512396694215,65,23,37
046a0df5,7,1,53.8,8,10415.0,1,65,687,21152,9824,30976,0.6828512396694215,65,23,37
96ef2ad6,7,1,55.4,8,58782.0,1,65,687,21152,9824,30976,0.6828512396694215,65,23,37
0323d342,7,1,43.5,8,42574.0,1,65,687,21152,9824,30976,0.6828512396694215,65,23,37
f72ada9b,7,1,10.0,8,11657.0,1,65,687,21152,9824,30976,0.6828512396694215,65,23,37
10ba58e3,7,1,56.9,8,9984.0,1,65,687,21152,9824,30976,0.6828512396694215,65,23,37
4c1f55ab,7,1,58.2,8,46060.0,1,65,687,21152,9824,30976,0.6828512396694215,65,23,37
b321bf21,7,1,52.7,8,107209.0,1,65,687,21152,9824,30976,0.6828512396694215,65,23,37
2e76128b,7,1,42.4,8,60218.0,0,65,687,21152,9824,30976,0.6828512396694215,65,23,37
785299f4,7,0,152.3,9,10991.0,0,65,687,21152,9824,30976,0.6828512396694215,65,23,37
409d3602,7,0,58.4,10,29229.0,0,65,687,21152,9824,30976,0.6828512396694215,65,23,37
300568d2,7,0,236.4,11,22770.0,0,65,687,21152,9824,30976,0.6828512396694215,65,23,37
c28ebd70,7,0,46.6,12,11564.0,0,65,687,21152,9824,30976,0.6828512396694215,65,23,37
4ab7706e,7,0,165.2,13,55106.0,0,65,687,21152,9824,30976,0.6828512396694215,65,23,37
585a0afa,7,0,35.2,14,63381.0,1,65,687,21152,9824,30976,0.6828512396694215,65,23,37
0930aef6,7,1,59.5,14,114602.0,1,65,687,21152,9824,30976,0.6828512396694215,65,23,37
61a11729,7,1,241.3,14,121443.0,0,65,687,21152,9824,30976,0.6828512396694215,65,23,37
4b8e63d4,7,0,198.5,15,121899.0,0,65,687,21152,9824,30976,0.6828512396694215,65,23,37
e25d36eb,7,0,61.5,16,61408.0,1,65,687,21152,9824,30976,0.6828512396694215,65,23,37
14aeaf5c,7,1,155.0,16,248574.0,1,65,687,21152,9824,30976,0.6828512396694215,65,23,37
7c54535f,7,1,40.2,16,250518.0,1,65,687,21152,9824,30976,0.6828512396694215,65,23,37
e1cde87f,7,1,163.5,16,199870.0,0,65,687,21152,9824,30976,0.6828512396694215,65,23,37
9c1c3517,7,0,26.9,17,112834.0,0,65,687,21152,9824,30976,0.6828512396694215,65,23,37
fffe77c8,7,0,49.3,18,112205.0,1,65,687,21152,9824,30976,0.6828512396694215,65,23,37
3d3a2582,7,1,240.1,18,70351.0,0,65,687,21152,9824,30976,0.6828512396694215,65,23,37
31ab0b56,7,0,193.5,19,13212.0,0,65,687,21152,9824,30976,0.6828512396694215,65,23,37
48223120,7,0,60.9,20,9208.0,1,65,687,21152,9824,30976,0.6828512396694215,65,23,37
8df661da,7,1,243.6,20,28484.0,0,65,687,21152,9824,30976,0.6828512396694215,65,23,37
25b8a42f,7,0,156.2,21,21713.0,0,65,687,21152,9824,30976,0.6828512396694215,65,23,37
01582463,7,0,41.7,22,63155.0,1,65,687,21152,9824,30976,0.6828512396694215,65,23,37
d6312a80,7,1,49.4,22,36412.0,1,65,687,21152,9824,30976,0.6828512396694215,65,23,37
62fb26d7,7,1,230.4,22,170394.0,0,65,687,21152,9824,30976,0.6828512396694215,65,23,37
0ad7c9a2,7,0,211.3,23,52045.0,0,65,687,21152,9824,30976,0.6828512396694215,65,23,37
9ca3fbb3,7,0,63.8,24,107507.0,1,65,687,21152,9824,30976,0.6828512396694215,65,23,37
22bf18f5,7,1,192.9,24,10748.0,0,65,687,21152,9824,30976,0.6828512396694215,65,23,37
58321ee4,7,0,231.8,25,109728.0,1,65,687,21152,9824,30976,0.6828512396694215,65,23,37
7318b96d,7,1,30.2,25,170793.0,0,65,687,21152,9824,30976,0.6828512396694215,65,23,37
7781321e,7,0,210.6,26,40944.0,0,65,687,21152,9824,30976,0.6828512396694215,65,23,37
7f53a88e,7,0,150.5,27,4979.0,0,65,687,21152,9824,30976,0.6828512396694215,65,23,37
0217ea0e,7,0,232.4,28,30264.0,0,65,687,21152,9824,30976,0.6828512396694215,65,23,37
50521700,7,0,38.1,29,227663.0,1,65,687,21152,9824,30976,0.6828512396694215,65,23,37
c550eca8,7,1,63.8,29,138870.0,1,65,687,21152,9824,30976,0.6828512396694215,65,23,37
c1836315,7,1,53.3,29,23580.0,0,65,687,21152,9824,30976,0.6828512396694215,65,23,37
3f800385,7,0,214.1,30,139223.0,0,65,687,21152,9824,30976,0.6828512396694215,65,23,37
f43ba052,7,0,57.1,31,12349.0,1,65,687,21152,9824,30976,0.6828512396694215,65,23,37
cd4f8b2b,7,1,10.0,31,70213.0,1,65,687,21152,9824,30976,0.6828512396694215,65,23,37
5c9deee0,7,1,30.9,31,20775.0,1,65,687,21152,9824,30976,0.6828512396694215,65,23,37
29d4beef,8,1,29.1,0,0.0,1,63,643,14633,6814,21447,0.6822865668858116,63,19,42
95a76d79,8,1,52.1,0,63121.0,1,63,643,14633,6814,21447,0.6822865668858116,63,19,42
02f06b90,8,1,136.9,0,50753.0,0,63,643,14633,6814,21447,0.6822865668858116,63,19,42
20de435d,8,0,44.8,1,102259.0,0,63,643,14633,6814,21447,0.6822865668858116,63,19,42
38602ab6,8,0,77.8,2,52071.0,1,63,643,14633,6814,21447,0.6822865668858116,63,19,42
ab4220a7,8,1,62.7,2,21628.0,1,63,643,14633,6814,21447,0.6822865668858116,63,19,42
f5f59b22,8,1,36.3,2,167110.0,1,63,643,14633,6814,21447,0.6822865668858116,63,19,42
2f923996,8,1,194.8,2,5122.0,0,63,643,14633,6814,21447,0.6822865668858116,63,19,42
42c18a62,8,0,193.5,3,33250.0,0,63,643,14633,6814,21447,0.6822865668858116,63,19,42
43e42caf,8,0,28.1,4,37429.0,1,63,643,14633,6814,21447,0.6822865668858116,63,19,42
9c96e9ec,8,1,61.4,4,23365.0,0,63,643,14633,6814,21447,0.6822865668858116,63,19,42
e7c421c7,8,0,59.0,5,47826.0,0,63,643,14633,6814,21447,0.6822865668858116,63,19,42
20a04502,8,0,187.8,6,52775.0,0,63,643,14633,6814,21447,0.6822865668858116,63,19,42
d92c9227,8,0,20.0,7,351364.0,1,63,643,14633,6814,21447,0.6822865668858116,63,19,42
f335cba3,8,1,35.6,7,17446.0,1,63,643,14633,6814,21447,0.6822865668858116,63,19,42
e5d6f6e6,8,1,81.6,7,124936.0,0,63,643,14633,6814,21447,0.6822865668858116,63,19,42
033d2bce,8,0,62.9,8,193852.0,1,63,643,14633,6814,21447,0.6822865668858116,63,19,42
7701f7bb,8,1,77.4,8,38257.0,1,63,643,14633,6814,21447,0.6822865668858116,63,19,42
ff233d5f,8,1,195.8,8,101049.0,1,63,643,14633,6814,21447,0.6822865668858116,63,19,42
b0ae8f08,8,1,68.1,8,29186.0,1,63,643,14633,6814,21447,0.6822865668858116,63,19,42
f1afdb65,8,1,178.9,8,40828.0,0,63,643,14633,6814,21447,0.6822865668858116,63,19,42
1497d658,8,0,50.5,9,195126.0,0,63,643,14633,6814,21447,0.6822865668858116,63,19,42
c1a6423b,8,0,27.8,10,118325.0,0,63,643,14633,6814,21447,0.6822865668858116,63,19,42
6a5d932b,8,0,226.9,11,66037.0,0,63,643,14633,6814,21447,0.6822865668858116,63,19,42
22f235f2,8,0,137.1,12,21747.0,0,63,643,14633,6814,21447,0.6822865668858116,63,19,42
5110b492,8,0,48.9,13,139082.0,1,63,643,14633,6814,21447,0.6822865668858116,63,19,42
d499da99,8,1,181.4,13,244920.0,1,63,643,14633,6814,21447,0.6822865668858116,63,19,42
ca6a2224,8,1,71.9,13,41228.0,1,63,643,14633,6814,21447,0.6822865668858116,63,19,42
9c2e58de,8,1,63.2,13,37664.0,1,63,643,14633,6814,21447,0.6822865668858116,63,19,42
be055787,8,1,182.8,13,48928.0,1,63,643,14633,6814,21447,0.6822865668858116,63,19,42
f4e559e5,8,1,41.0,13,290307.0,1,63,643,14633,6814,21447,0.6822865668858116,63,19,42
ab85fd59,8,1,56.4,13,7207.0,1,63,643,14633,6814,21447,0.6822865668858116,63,19,42
c33a1f6c,8,1,29.1,13,42501.0,1,63,643,14633,6814,21447,0.6822865668858116,63,19,42
0ba078e8,8,1,188.7,13,130678.0,0,63,643,14633,6814,21447,0.6822865668858116,63,19,42
949077c2,8,0,39.1,14,231183.0,1,63,643,14633,6814,21447,0.6822865668858116,63,19,42
bd29ede9,8,1,48.4,14,7451.0,1,63,643,14633,6814,21447,0.6822865668858116,63,19,42
0a0537f0,8,1,222.8,14,36691.0,0,63,643,14633,6814,21447,0.6822865668858116,63,19,42
aba301cb,8,0,30.7,15,100610.0,1,63,643,14633,6814,21447,0.6822865668858116,63,19,42
48f9e3d0,8,1,29.6,15,153928.0,1,63,643,14633,6814,21447,0.6822865668858116,63,19,42
fd034ada,8,1,95.8,15,155362.0,0,63,643,14633,6814,21447,0.6822865668858116,63,19,42
63f4c69d,8,0,68.0,16,5568.0,1,63,643,14633,6814,21447,0.6822865668858116,63,19,42
4cc9f5f2,8,1,198.6,16,323051.0,0,63,643,14633,6814,21447,0.6822865668858116,63,19,42
e25df9a8,8,0,39.0,17,42622.0,1,63,643,14633,6814,21447,0.6822865668858116,63,19,42
2e9522d6,8,1,44.9,17,45036.0,1,63,643,14633,6814,21447,0.6822865668858116,63,19,42
0e2f8958,8,1,24.1,17,11775.0,1,63,643,14633,6814,21447,0.6822865668858116,63,19,42
d88f1c94,8,1,55.4,17,21543.0,1,63,643,14633,6814,21447,0.6822865668858116,63,19,42
a0017720,8,1,36.7,17,8567.0,1,63,643,14633,6814,21447,0.6822865668858116,63,19,42
9780c215,8,1,220.4,17,12119.0,0,63,643,14633,6814,21447,0.6822865668858116,63,19,42
3de28859,8,0,198.9,18,100675.0,0,63,643,14633,6814,21447,0.6822865668858116,63,19,42
3da06476,8,0,30.7,19,60664.0,1,63,643,14633,6814,21447,0.6822865668858116,63,19,42
c14565c7,8,1,64.1,19,82734.0,1,63,643,14633,6814,21447,0.6822865668858116,63,19,42
b56ff8ce,8,1,151.4,19,52536.0,0,63,643,14633,6814,21447,0.6822865668858116,63,19,42
9ea7017c,8,0,52.8,20,54348.0,1,63,643,14633,6814,21447,0.6822865668858116,63,19,42
a987b218,8,1,30.5,20,52906.0,1,63,643,14633,6814,21447,0.6822865668858116,63,19,42
315c167a,8,1,193.9,20,254314.0,0,63,643,14633,6814,21447,0.6822865668858116,63,19,42
89628f6e,8,0,207.7,21,171843.0,0,63,643,14633,6814,21447,0.6822865668858116,63,19,42
ae27d432,8,0,33.1,22,11663.0,1,63,643,14633,6814,21447,0.6822865668858116,63,19,42
905c7bdd,8,1,66.1,22,21505.0,1,63,643,14633,6814,21447,0.6822865668858116,63,19,42
2099d180,8,1,40.4,22,91720.0,1,63,643,14633,6814,21447,0.6822865668858116,63,19,42
6118433b,8,1,38.7,22,21711.0,1,63,643,14633,6814,21447,0.6822865668858116,63,19,42
3bf2025f,8,1,303.1,22,72250.0,0,63,643,14633,6814,21447,0.6822865668858116,63,19,42
f8e8035b,8,0,32.6,23,46808.0,1,63,643,14633,6814,21447,0.6822865668858116,63,19,42
d96e684f,8,1,45.0,23,26920.0,1,63,643,14633,6814,21447,0.6822865668858116,63,19,42
04fc6d82,9,1,212.5,0,0.0,0,58,595,18315,6249,24564,0.7456033219345384,58,12,30
36386821,9,0,37.4,1,48957.0,1,58,595,18315,6249,24564,0.7456033219345384,58,12,30
c8dcd19f,9,1,45.7,1,75778.0,1,58,595,18315,6249,24564,0.7456033219345384,58,12,30
14fcdd54,9,1,45.3,1,176642.0,1,58,595,18315,6249,24564,0.7456033219345384,58,12,30
12c136e0,9,1,49.2,1,46642.0,1,58,595,18315,6249,24564,0.7456033219345384,58,12,30
43f59a85,9,1,154.5,1,269880.0,1,58,595,18315,6249,24564,0.7456033219345384,58,12,30
d1843324,9,1,213.6,1,138141.0,0,58,595,18315,6249,24564,0.7456033219345384,58,12,30
018267c4,9,0,185.0,2,189163.0,0,58,595,18315,6249,24564,0.7456033219345384,58,12,30
e82c7d7b,9,0,51.6,3,54553.0,1,58,595,18315,6249,24564,0.7456033219345384,58,12,30
b7e6427c,9,1,52.6,3,98747.0,1,58,595,18315,6249,24564,0.7456033219345384,58,12,30
8db06746,9,1,246.8,3,197659.0,0,58,595,18315,6249,24564,0.7456033219345384,58,12,30
7a8d03aa,9,0,171.9,4,91495.0,0,58,595,18315,6249,24564,0.7456033219345384,58,12,30
9e50aa42,9,0,35.3,5,49723.0,1,58,595,18315,6249,24564,0.7456033219345384,58,12,30
19675f06,9,1,35.0,5,28310.0,1,58,595,18315,6249,24564,0.7456033219345384,58,12,30
ef04e57d,9,1,40.2,5,52924.0,1,58,595,18315,6249,24564,0.7456033219345384,58,12,30
91b78d8e,9,1,61.6,5,27316.0,1,58,595,18315,6249,24564,0.7456033219345384,58,12,30
6e996e3e,9,1,253.5,5,24447.0,0,58,595,18315,6249,24564,0.7456033219345384,58,12,30
ffe3fa49,9,0,48.6,6,24879.0,1,58,595,18315,6249,24564,0.7456033219345384,58,12,30
c19ad58c,9,1,65.6,6,7522.0,1,58,595,18315,6249,24564,0.7456033219345384,58,12,30
d0725b5c,9,1,162.8,6,17625.0,0,58,595,18315,6249,24564,0.7456033219345384,58,12,30
a193c4b2,9,0,63.5,7,306477.0,1,58,595,18315,6249,24564,0.7456033219345384,58,12,30
2e183554,9,1,55.7,7,50808.0,1,58,595,18315,6249,24564,0.7456033219345384,58,12,30
4bbe4aff,9,1,21.0,7,74438.0,1,58,595,18315,6249,24564,0.7456033219345384,58,12,30
f396ea37,9,1,53.3,7,248577.0,1,58,595,18315,6249,24564,0.7456033219345384,58,12,30
0cf2b69b,9,1,52.1,7,50626.0,1,58,595,18315,6249,24564,0.7456033219345384,58,12,30
c8819065,9,1,195.6,7,93861.0,0,58,595,18315,6249,24564,0.7456033219345384,58,12,30
533f5a72,9,0,35.5,8,50418.0,1,58,595,18315,6249,24564,0.7456033219345384,58,12,30
d4578ad9,9,1,53.4,8,157970.0,1,58,595,18315,6249,24564,0.7456033219345384,58,12,30
0d77c5a0,9,1,187.4,8,56361.0,0,58,595,18315,6249,24564,0.7456033219345384,58,12,30
45ee432d,9,0,44.3,9,22886.0,1,58,595,18315,6249,24564,0.7456033219345384,58,12,30
67884209,9,1,38.8,9,86354.0,1,58,595,18315,6249,24564,0.7456033219345384,58,12,30
b08a4895,9,1,58.0,9,21711.0,1,58,595,18315,6249,24564,0.7456033219345384,58,12,30
1422373f,9,1,170.8,9,15985.0,0,58,595,18315,6249,24564,0.7456033219345384,58,12,30
c257cf73,9,0,43.2,10,47709.0,1,58,595,18315,6249,24564,0.7456033219345384,58,12,30
fc8d5b93,9,1,73.3,10,28764.0,1,58,595,18315,6249,24564,0.7456033219345384,58,12,30
f891b0c3,9,1,36.2,10,4249.0,1,58,595,18315,6249,24564,0.7456033219345384,58,12,30
551ff086,9,1,64.2,10,541483.0,1,58,595,18315,6249,24564,0.7456033219345384,58,12,30
46494296,9,1,165.6,10,152147.0,0,58,595,18315,6249,24564,0.7456033219345384,58,12,30
2747b93c,9,0,146.5,11,45123.0,1,58,595,18315,6249,24564,0.7456033219345384,58,12,30
5df06e8c,9,1,114.5,11,16579.0,0,58,595,18315,6249,24564,0.7456033219345384,58,12,30
f8ede0ca,9,0,35.8,12,140170.0,1,58,595,18315,6249,24564,0.7456033219345384,58,12,30
a8a2b7ad,9,1,146.2,12,81290.0,0,58,595,18315,6249,24564,0.7456033219345384,58,12,30
9aea622f,9,0,39.8,13,7439.0,1,58,595,18315,6249,24564,0.7456033219345384,58,12,30
7f7f6c0a,9,1,52.7,13,32106.0,1,58,595,18315,6249,24564,0.7456033219345384,58,12,30
f6729464,9,1,123.1,13,80205.0,1,58,595,18315,6249,24564,0.7456033219345384,58,12,30
1e6a6628,9,1,155.7,13,103544.0,0,58,595,18315,6249,24564,0.7456033219345384,58,12,30
4c9a9f24,9,0,166.3,14,59612.0,0,58,595,18315,6249,24564,0.7456033219345384,58,12,30
d40ac5e9,9,0,274.0,15,3949.0,0,58,595,18315,6249,24564,0.7456033219345384,58,12,30
d0d4ea67,9,0,61.5,16,10669.0,1,58,595,18315,6249,24564,0.7456033219345384,58,12,30
f791f1e5,9,1,105.6,16,27629.0,0,58,595,18315,6249,24564,0.7456033219345384,58,12,30
b8adad87,9,0,37.8,17,11171.0,1,58,595,18315,6249,24564,0.7456033219345384,58,12,30
1c221cea,9,1,186.6,17,28334.0,0,58,595,18315,6249,24564,0.7456033219345384,58,12,30
df70fb2a,9,0,191.6,18,21500.0,0,58,595,18315,6249,24564,0.7456033219345384,58,12,30
f5141058,9,0,209.3,19,47030.0,0,58,595,18315,6249,24564,0.7456033219345384,58,12,30
fba57cc8,9,0,30.6,20,198443.0,1,58,595,18315,6249,24564,0.7456033219345384,58,12,30
e5a4983b,9,1,50.6,20,56696.0,1,58,595,18315,6249,24564,0.7456033219345384,58,12,30
a757cb10,9,1,188.4,20,40159.0,0,58,595,18315,6249,24564,0.7456033219345384,58,12,30
e95d2761,9,0,28.2,21,354125.0,1,58,595,18315,6249,24564,0.7456033219345384,58,12,30
bdd640fb,10,1,41.5,0,0.0,0,64,483,16289,6394,22683,0.7181148878014372,64,18,36
6b65a6a4,10,0,29.1,1,39924.0,1,64,483,16289,6394,22683,0.7181148878014372,64,18,36
dc98d2c1,10,1,216.6,1,59102.0,0,64,483,16289,6394,22683,0.7181148878014372,64,18,36
43cf2fde,10,0,54.4,2,107425.0,1,64,483,16289,6394,22683,0.7181148878014372,64,18,36
10435a10,10,1,33.4,2,43068.0,1,64,483,16289,6394,22683,0.7181148878014372,64,18,36
ae849217,10,1,14.6,2,22675.0,1,64,483,16289,6394,22683,0.7181148878014372,64,18,36
8cbfedb0,10,1,31.5,2,101717.0,1,64,483,16289,6394,22683,0.7181148878014372,64,18,36
1931e9ee,10,1,67.5,2,115231.0,1,64,483,16289,6394,22683,0.7181148878014372,64,18,36
d605e770,10,1,54.2,2,43255.0,1,64,483,16289,6394,22683,0.7181148878014372,64,18,36
750cab75,10,1,50.0,2,133726.0,1,64,483,16289,6394,22683,0.7181148878014372,64,18,36
4ca415ea,10,1,25.6,2,54618.0,1,64,483,16289,6394,22683,0.7181148878014372,64,18,36
439472e6,10,1,61.4,2,31742.0,1,64,483,16289,6394,22683,0.7181148878014372,64,18,36
46d483f3,10,1,41.4,2,15441.0,1,64,483,16289,6394,22683,0.7181148878014372,64,18,36
1a50aec3,10,1,155.5,2,64174.0,0,64,483,16289,6394,22683,0.7181148878014372,64,18,36
89456f27,10,0,48.5,3,105234.0,0,64,483,16289,6394,22683,0.7181148878014372,64,18,36
9f871ce7,10,0,42.5,4,69982.0,1,64,483,16289,6394,22683,0.7181148878014372,64,18,36
7922bac2,10,1,26.2,4,62255.0,1,64,483,16289,6394,22683,0.7181148878014372,64,18,36
b7e58481,10,1,66.0,4,55303.0,0,64,483,16289,6394,22683,0.7181148878014372,64,18,36
f2a03459,10,0,47.9,5,289939.0,1,64,483,16289,6394,22683,0.7181148878014372,64,18,36
75b17a55,10,1,44.8,5,99998.0,1,64,483,16289,6394,22683,0.7181148878014372,64,18,36
26d794d3,10,1,188.0,5,236862.0,0,64,483,16289,6394,22683,0.7181148878014372,64,18,36
93403fad,10,0,31.1,6,173338.0,0,64,483,16289,6394,22683,0.7181148878014372,64,18,36
292bd156,10,0,33.7,7,45967.0,1,64,483,16289,6394,22683,0.7181148878014372,64,18,36
260a5962,10,1,31.4,7,168786.0,1,64,483,16289,6394,22683,0.7181148878014372,64,18,36
a6eab79e,10,1,61.1,7,49690.0,0,64,483,16289,6394,22683,0.7181148878014372,64,18,36
c268283e,10,0,47.9,8,64535.0,1,64,483,16289,6394,22683,0.7181148878014372,64,18,36
ff574e2b,10,1,45.0,8,16928.0,1,64,483,16289,6394,22683,0.7181148878014372,64,18,36
b0b862ef,10,1,32.5,8,97348.0,1,64,483,16289,6394,22683,0.7181148878014372,64,18,36
a0d4de3d,10,1,141.8,8,80555.0,0,64,483,16289,6394,22683,0.7181148878014372,64,18,36
b24cc64f,10,0,188.3,9,167799.0,0,64,483,16289,6394,22683,0.7181148878014372,64,18,36
7d45d8ef,10,0,27.8,10,13139.0,1,64,483,16289,6394,22683,0.7181148878014372,64,18,36
e6d5901d,10,1,162.5,10,27966.0,0,64,483,16289,6394,22683,0.7181148878014372,64,18,36
65ec7acd,10,0,115.7,11,5369.0,0,64,483,16289,6394,22683,0.7181148878014372,64,18,36
a3b5cece,10,0,52.5,12,15672.0,1,64,483,16289,6394,22683,0.7181148878014372,64,18,36
21bddb41,10,1,49.9,12,61756.0,1,64,483,16289,6394,22683,0.7181148878014372,64,18,36
6c4596f6,10,1,223.3,12,189269.0,0,64,483,16289,6394,22683,0.7181148878014372,64,18,36
06b89231,10,0,45.7,13,52925.0,1,64,483,16289,6394,22683,0.7181148878014372,64,18,36
2451e5a4,10,1,41.9,13,31529.0,0,64,483,16289,6394,22683,0.7181148878014372,64,18,36
7c93f6cc,10,0,168.0,14,71200.0,0,64,483,16289,6394,22683,0.7181148878014372,64,18,36
f387e1bd,10,0,46.4,15,159829.0,0,64,483,16289,6394,22683,0.7181148878014372,64,18,36
70944bdb,10,0,221.5,16,33267.0,0,64,483,16289,6394,22683,0.7181148878014372,64,18,36
4082cbb9,10,0,36.0,17,129853.0,1,64,483,16289,6394,22683,0.7181148878014372,64,18,36
64575bc4,10,1,30.0,17,28123.0,1,64,483,16289,6394,22683,0.7181148878014372,64,18,36
d02ce0c1,10,1,58.4,17,16535.0,1,64,483,16289,6394,22683,0.7181148878014372,64,18,36
8603156a,10,1,171.3,17,312756.0,0,64,483,16289,6394,22683,0.7181148878014372,64,18,36
c5811d2d,10,0,37.0,18,43056.0,1,64,483,16289,6394,22683,0.7181148878014372,64,18,36
f2a9dc8a,10,1,34.1,18,163267.0,1,64,483,16289,6394,22683,0.7181148878014372,64,18,36
08e895d7,10,1,63.3,18,26284.0,1,64,483,16289,6394,22683,0.7181148878014372,64,18,36
6202bee6,10,1,143.3,18,9306.0,0,64,483,16289,6394,22683,0.7181148878014372,64,18,36
5ef787b8,10,0,49.2,19,11101.0,1,64,483,16289,6394,22683,0.7181148878014372,64,18,36
7ba24588,10,1,45.7,19,282624.0,1,64,483,16289,6394,22683,0.7181148878014372,64,18,36
c6b28def,10,1,72.8,19,280175.0,1,64,483,16289,6394,22683,0.7181148878014372,64,18,36
43ad3d62,10,1,35.5,19,97275.0,0,64,483,16289,6394,22683,0.7181148878014372,64,18,36
e5508ea2,10,0,55.7,20,47662.0,1,64,483,16289,6394,22683,0.7181148878014372,64,18,36
7aa4f052,10,1,152.5,20,25968.0,0,64,483,16289,6394,22683,0.7181148878014372,64,18,36
88ffbd40,10,0,191.9,21,82143.0,0,64,483,16289,6394,22683,0.7181148878014372,64,18,36
7e710b55,10,0,54.9,22,59289.0,1,64,483,16289,6394,22683,0.7181148878014372,64,18,36
2ced3c0d,10,1,35.4,22,38571.0,1,64,483,16289,6394,22683,0.7181148878014372,64,18,36
4e8adc4b,10,1,201.8,22,57099.0,0,64,483,16289,6394,22683,0.7181148878014372,64,18,36
4b87959f,10,0,237.7,23,24473.0,0,64,483,16289,6394,22683,0.7181148878014372,64,18,36
c3093b6e,10,0,54.6,24,32074.0,1,64,483,16289,6394,22683,0.7181148878014372,64,18,36
5fdcabbf,10,1,163.7,24,124697.0,0,64,483,16289,6394,22683,0.7181148878014372,64,18,36
3ca5be29,10,0,218.7,25,139877.0,0,64,483,16289,6394,22683,0.7181148878014372,64,18,36
69df14e9,10,0,69.1,26,9730.0,1,64,483,16289,6394,22683,0.7181148878014372,64,18,36
bd9c66b3,11,1,48.6,0,0.0,1,66,415,11985,8390,20375,0.5882208588957055,66,20,42
a5e5a5ab,11,1,203.5,0,132603.0,1,66,415,11985,8390,20375,0.5882208588957055,66,20,42
a7cad415,11,1,41.3,0,51761.0,1,66,415,11985,8390,20375,0.5882208588957055,66,20,42
8026695f,11,1,151.7,0,102416.0,0,66,415,11985,8390,20375,0.5882208588957055,66,20,42
4fcca39a,11,0,41.8,1,96976.0,1,66,415,11985,8390,20375,0.5882208588957055,66,20,42
922fe15a,11,1,45.1,1,62043.0,1,66,415,11985,8390,20375,0.5882208588957055,66,20,42
fed4057d,11,1,35.2,1,118879.0,1,66,415,11985,8390,20375,0.5882208588957055,66,20,42
bf7b539b,11,1,20.6,1,20105.0,1,66,415,11985,8390,20375,0.5882208588957055,66,20,42
0279b6a6,11,1,13.8,1,193988.0,1,66,415,11985,8390,20375,0.5882208588957055,66,20,42
8babce3b,11,1,49.6,1,12515.0,1,66,415,11985,8390,20375,0.5882208588957055,66,20,42
ee0caeb5,11,1,46.8,1,45902.0,0,66,415,11985,8390,20375,0.5882208588957055,66,20,42
444d610b,11,0,48.1,2,34762.0,1,66,415,11985,8390,20375,0.5882208588957055,66,20,42
3270e4fa,11,1,53.9,2,113135.0,1,66,415,11985,8390,20375,0.5882208588957055,66,20,42
81d2c7de,11,1,125.6,2,22187.0,0,66,415,11985,8390,20375,0.5882208588957055,66,20,42
15b52908,11,0,47.9,3,62170.0,1,66,415,11985,8390,20375,0.5882208588957055,66,20,42
664fa663,11,1,58.9,3,49372.0,1,66,415,11985,8390,20375,0.5882208588957055,66,20,42
0cdb1ca4,11,1,41.1,3,27482.0,1,66,415,11985,8390,20375,0.5882208588957055,66,20,42
9793b9b4,11,1,29.0,3,301249.0,1,66,415,11985,8390,20375,0.5882208588957055,66,20,42
3e2b6091,11,1,167.8,3,7677.0,0,66,415,11985,8390,20375,0.5882208588957055,66,20,42
2d174fc9,11,0,53.7,4,51560.0,1,66,415,11985,8390,20375,0.5882208588957055,66,20,42
a6846099,11,1,125.1,4,6728.0,0,66,415,11985,8390,20375,0.5882208588957055,66,20,42
8e485223,11,0,41.7,5,66090.0,1,66,415,11985,8390,20375,0.5882208588957055,66,20,42
b63b4dc3,11,1,158.9,5,20145.0,0,66,415,11985,8390,20375,0.5882208588957055,66,20,42
a9f948b2,11,0,55.1,6,15362.0,1,66,415,11985,8390,20375,0.5882208588957055,66,20,42
5a104129,11,1,43.2,6,17306.0,1,66,415,11985,8390,20375,0.5882208588957055,66,20,42
4e7ed827,11,1,196.8,6,5052.0,0,66,415,11985,8390,20375,0.5882208588957055,66,20,42
4a8ff810,11,0,203.2,7,178704.0,1,66,415,11985,8390,20375,0.5882208588957055,66,20,42
40181c6e,11,1,218.0,7,85423.0,0,66,415,11985,8390,20375,0.5882208588957055,66,20,42
0769165f,11,0,132.4,8,377918.0,0,66,415,11985,8390,20375,0.5882208588957055,66,20,42
fa5a91ca,11,0,51.9,9,102584.0,1,66,415,11985,8390,20375,0.5882208588957055,66,20,42
cde22f1c,11,1,36.0,9,115471.0,1,66,415,11985,8390,20375,0.5882208588957055,66,20,42
95a5bafa,11,1,22.2,9,42487.0,1,66,415,11985,8390,20375,0.5882208588957055,66,20,42
6a35df59,11,1,57.2,9,73736.0,1,66,415,11985,8390,20375,0.5882208588957055,66,20,42
1d181ee9,11,1,216.7,9,135959.0,0,66,415,11985,8390,20375,0.5882208588957055,66,20,42
72c22a16,11,0,277.1,10,4113.0,0,66,415,11985,8390,20375,0.5882208588957055,66,20,42
6d4067f4,11,0,216.1,11,113514.0,0,66,415,11985,8390,20375,0.5882208588957055,66,20,42
214f3f12,11,0,183.8,12,27999.0,0,66,415,11985,8390,20375,0.5882208588957055,66,20,42
2e2fbf77,11,0,43.9,13,86021.0,0,66,415,11985,8390,20375,0.5882208588957055,66,20,42
07d924ce,11,0,150.1,14,28317.0,0,66,415,11985,8390,20375,0.5882208588957055,66,20,42
8f0881ee,11,0,35.0,15,106549.0,1,66,415,11985,8390,20375,0.5882208588957055,66,20,42
4a1dab32,11,1,28.0,15,33876.0,1,66,415,11985,8390,20375,0.5882208588957055,66,20,42
a53bc024,11,1,41.1,15,65945.0,1,66,415,11985,8390,20375,0.5882208588957055,66,20,42
f6e39356,11,1,63.7,15,188616.0,0,66,415,11985,8390,20375,0.5882208588957055,66,20,42
e99630f7,11,0,35.7,16,49124.0,1,66,415,11985,8390,20375,0.5882208588957055,66,20,42
ca97ebf5,11,1,74.6,16,209350.0,0,66,415,11985,8390,20375,0.5882208588957055,66,20,42
6c5a6c93,11,0,42.8,17,37652.0,0,66,415,11985,8390,20375,0.5882208588957055,66,20,42
c9dc72b8,11,0,39.6,18,84267.0,1,66,415,11985,8390,20375,0.5882208588957055,66,20,42
2ea9c542,11,1,207.2,18,39464.0,1,66,415,11985,8390,20375,0.5882208588957055,66,20,42
ec9f9c54,11,1,262.0,18,75669.0,0,66,415,11985,8390,20375,0.5882208588957055,66,20,42
b0946d2a,11,0,50.6,19,37543.0,1,66,415,11985,8390,20375,0.5882208588957055,66,20,42
5a4153b3,11,1,38.5,19,12398.0,1,66,415,11985,8390,20375,0.5882208588957055,66,20,42
f3ea0184,11,1,47.7,19,26313.0,1,66,415,11985,8390,20375,0.5882208588957055,66,20,42
848af440,11,1,175.1,19,57624.0,1,66,415,11985,8390,20375,0.5882208588957055,66,20,42
8693fd9d,11,1,62.7,19,115318.0,0,66,415,11985,8390,20375,0.5882208588957055,66,20,42
7089fc6d,11,0,46.3,20,154228.0,1,66,415,11985,8390,20375,0.5882208588957055,66,20,42
35145890,11,1,36.0,20,329682.0,1,66,415,11985,8390,20375,0.5882208588957055,66,20,42
3e11bafe,11,1,31.8,20,131215.0,1,66,415,11985,8390,20375,0.5882208588957055,66,20,42
efc9909e,11,1,62.8,20,65291.0,1,66,415,11985,8390,20375,0.5882208588957055,66,20,42
41dc1c60,11,1,24.2,20,74649.0,0,66,415,11985,8390,20375,0.5882208588957055,66,20,42
bc92fd81,11,0,56.5,21,4418.0,1,66,415,11985,8390,20375,0.5882208588957055,66,20,42
5fa5e0aa,11,1,56.6,21,110889.0,1,66,415,11985,8390,20375,0.5882208588957055,66,20,42
12b2102d,11,1,55.8,21,99825.0,1,66,415,11985,8390,20375,0.5882208588957055,66,20,42
d5b6de85,11,1,52.3,21,78339.0,1,66,415,11985,8390,20375,0.5882208588957055,66,20,42
3ea6e5b2,11,1,62.7,21,64416.0,0,66,415,11985,8390,20375,0.5882208588957055,66,20,42
705fddf5,11,0,273.7,22,2420.0,0,66,415,11985,8390,20375,0.5882208588957055,66,20,42
26332018,11,0,38.3,23,82339.0,1,66,415,11985,8390,20375,0.5882208588957055,66,20,42
c241330b,12,1,186.9,0,0.0,0,64,460,13923,7355,21278,0.6543378137042956,64,21,34
6c307511,12,0,49.9,1,2845.0,0,64,460,13923,7355,21278,0.6543378137042956,64,21,34
17be3111,12,0,32.4,2,11437.0,1,64,460,13923,7355,21278,0.6543378137042956,64,21,34
146d3f31,12,1,48.9,2,48430.0,1,64,460,13923,7355,21278,0.6543378137042956,64,21,34
3aa2e4f9,12,1,190.0,2,61152.0,0,64,460,13923,7355,21278,0.6543378137042956,64,21,34
1c11f735,12,0,52.7,3,62176.0,1,64,460,13923,7355,21278,0.6543378137042956,64,21,34
1c8eaee9,12,1,37.9,3,45338.0,1,64,460,13923,7355,21278,0.6543378137042956,64,21,34
e9a1fa6f,12,1,41.2,3,19936.0,1,64,460,13923,7355,21278,0.6543378137042956,64,21,34
3fa7f104,12,1,14.0,3,196859.0,1,64,460,13923,7355,21278,0.6543378137042956,64,21,34
2a935d62,12,1,53.6,3,43153.0,1,64,460,13923,7355,21278,0.6543378137042956,64,21,34
6c4a37ea,12,1,42.1,3,25583.0,1,64,460,13923,7355,21278,0.6543378137042956,64,21,34
b7e99aca,12,1,160.5,3,11162.0,0,64,460,13923,7355,21278,0.6543378137042956,64,21,34
0200b1f0,12,0,128.4,4,135354.0,0,64,460,13923,7355,21278,0.6543378137042956,64,21,34
e1a47e10,12,0,36.6,5,146364.0,0,64,460,13923,7355,21278,0.6543378137042956,64,21,34
b82c9074,12,0,48.4,6,128620.0,1,64,460,13923,7355,21278,0.6543378137042956,64,21,34
a79ac9aa,12,1,54.8,6,70349.0,1,64,460,13923,7355,21278,0.6543378137042956,64,21,34
cbc84759,12,1,66.7,6,17357.0,1,64,460,13923,7355,21278,0.6543378137042956,64,21,34
4f77a665,12,1,35.2,6,19201.0,1,64,460,13923,7355,21278,0.6543378137042956,64,21,34
c7468f59,12,1,200.9,6,50942.0,0,64,460,13923,7355,21278,0.6543378137042956,64,21,34
9cd6c852,12,0,50.9,7,37822.0,1,64,460,13923,7355,21278,0.6543378137042956,64,21,34
a33dc7af,12,1,39.8,7,24681.0,0,64,460,13923,7355,21278,0.6543378137042956,64,21,34
b20dcb6e,12,0,51.3,8,60612.0,1,64,460,13923,7355,21278,0.6543378137042956,64,21,34
473bd358,12,1,78.2,8,98264.0,1,64,460,13923,7355,21278,0.6543378137042956,64,21,34
6bebac31,12,1,53.5,8,5658.0,1,64,460,13923,7355,21278,0.6543378137042956,64,21,34
0a4e5b70,12,1,34.4,8,21622.0,1,64,460,13923,7355,21278,0.6543378137042956,64,21,34
3f4df561,12,1,44.2,8,2065.0,1,64,460,13923,7355,21278,0.6543378137042956,64,21,34
9b1bc895,12,1,106.6,8,28217.0,0,64,460,13923,7355,21278,0.6543378137042956,64,21,34
8861fe18,12,0,166.5,9,58219.0,0,64,460,13923,7355,21278,0.6543378137042956,64,21,34
48729a4d,12,0,59.3,10,196141.0,1,64,460,13923,7355,21278,0.6543378137042956,64,21,34
3605bf54,12,1,166.6,10,123060.0,0,64,460,13923,7355,21278,0.6543378137042956,64,21,34
44feacae,12,0,52.7,11,131272.0,1,64,460,13923,7355,21278,0.6543378137042956,64,21,34
288b78b5,12,1,40.4,11,117241.0,1,64,460,13923,7355,21278,0.6543378137042956,64,21,34
57021049,12,1,38.0,11,67014.0,1,64,460,13923,7355,21278,0.6543378137042956,64,21,34
0c8e29e3,12,1,40.3,11,291205.0,0,64,460,13923,7355,21278,0.6543378137042956,64,21,34
9b689c88,12,0,44.0,12,16395.0,1,64,460,13923,7355,21278,0.6543378137042956,64,21,34
a2f963a3,12,1,66.3,12,3793.0,1,64,460,13923,7355,21278,0.6543378137042956,64,21,34
a8c01f05,12,1,45.2,12,12127.0,1,64,460,13923,7355,21278,0.6543378137042956,64,21,34
fd235def,12,1,61.1,12,247005.0,1,64,460,13923,7355,21278,0.6543378137042956,64,21,34
97fa7f04,12,1,197.3,12,81103.0,0,64,460,13923,7355,21278,0.6543378137042956,64,21,34
9d132363,12,0,31.8,13,206843.0,1,64,460,13923,7355,21278,0.6543378137042956,64,21,34
76c5a0dc,12,1,30.7,13,274714.0,1,64,460,13923,7355,21278,0.6543378137042956,64,21,34
9458054e,12,1,46.2,13,5169.0,1,64,460,13923,7355,21278,0.6543378137042956,64,21,34
30307633,12,1,63.0,13,81028.0,1,64,460,13923,7355,21278,0.6543378137042956,64,21,34
55ab946d,12,1,44.4,13,59614.0,1,64,460,13923,7355,21278,0.6543378137042956,64,21,34
bd17c5e8,12,1,256.5,13,107672.0,1,64,460,13923,7355,21278,0.6543378137042956,64,21,34
e7147668,12,1,55.0,13,27306.0,1,64,460,13923,7355,21278,0.6543378137042956,64,21,34
87079ad4,12,1,165.5,13,53125.0,0,64,460,13923,7355,21278,0.6543378137042956,64,21,34
b74eba93,12,0,32.8,14,252911.0,1,64,460,13923,7355,21278,0.6543378137042956,64,21,34
0977c513,12,1,28.3,14,8311.0,1,64,460,13923,7355,21278,0.6543378137042956,64,21,34
cd180a82,12,1,45.0,14,68673.0,1,64,460,13923,7355,21278,0.6543378137042956,64,21,34
3967e60a,12,1,38.8,14,204632.0,1,64,460,13923,7355,21278,0.6543378137042956,64,21,34
6ec01269,12,1,171.4,14,77777.0,0,64,460,13923,7355,21278,0.6543378137042956,64,21,34
a6b07458,12,0,195.2,15,79598.0,0,64,460,13923,7355,21278,0.6543378137042956,64,21,34
0b95017c,12,0,236.8,16,166775.0,0,64,460,13923,7355,21278,0.6543378137042956,64,21,34
d3479a3b,12,0,33.3,17,22128.0,0,64,460,13923,7355,21278,0.6543378137042956,64,21,34
74fd33d1,12,0,160.9,18,42926.0,0,64,460,13923,7355,21278,0.6543378137042956,64,21,34
25d4a0fc,12,0,66.5,19,93123.0,1,64,460,13923,7355,21278,0.6543378137042956,64,21,34
ae455cc6,12,1,118.9,19,70295.0,0,64,460,13923,7355,21278,0.6543378137042956,64,21,34
4a5b1aff,12,0,181.3,20,64573.0,0,64,460,13923,7355,21278,0.6543378137042956,64,21,34
2999394c,12,0,144.1,21,170309.0,0,64,460,13923,7355,21278,0.6543378137042956,64,21,34
1e0ef546,12,0,169.9,22,97914.0,0,64,460,13923,7355,21278,0.6543378137042956,64,21,34
21c71aa3,12,0,42.0,23,96281.0,1,64,460,13923,7355,21278,0.6543378137042956,64,21,34
0592bfa5,12,1,46.2,23,17109.0,0,64,460,13923,7355,21278,0.6543378137042956,64,21,34
bab2b77d,12,0,41.5,24,44400.0,1,64,460,13923,7355,21278,0.6543378137042956,64,21,34
19db3ad0,13,1,48.9,0,0.0,1,72,683,22437,8772,31209,0.7189272325290782,72,21,43
5ec42e08,13,1,42.1,0,11275.0,1,72,683,22437,8772,31209,0.7189272325290782,72,21,43
50c187fc,13,1,193.9,0,47402.0,1,72,683,22437,8772,31209,0.7189272325290782,72,21,43
9be578c7,13,1,48.0,0,137185.0,0,72,683,22437,8772,31209,0.7189272325290782,72,21,43
3d4cbf37,13,0,41.7,1,33004.0,1,72,683,22437,8772,31209,0.7189272325290782,72,21,43
c2b6d2c5,13,1,43.0,1,13545.0,1,72,683,22437,8772,31209,0.7189272325290782,72,21,43
ac619e63,13,1,234.7,1,121175.0,0,72,683,22437,8772,31209,0.7189272325290782,72,21,43
0cf35b58,13,0,27.0,2,42557.0,0,72,683,22437,8772,31209,0.7189272325290782,72,21,43
0f02bad0,13,0,154.1,3,26462.0,0,72,683,22437,8772,31209,0.7189272325290782,72,21,43
1eb0e38a,13,0,195.8,4,75003.0,0,72,683,22437,8772,31209,0.7189272325290782,72,21,43
9ee3ac2a,13,0,36.4,5,216616.0,1,72,683,22437,8772,31209,0.7189272325290782,72,21,43
3a43b2ba,13,1,183.3,5,66201.0,0,72,683,22437,8772,31209,0.7189272325290782,72,21,43
81392443,13,0,56.6,6,280526.0,1,72,683,22437,8772,31209,0.7189272325290782,72,21,43
425a609f,13,1,199.1,6,15319.0,0,72,683,22437,8772,31209,0.7189272325290782,72,21,43
e7a37e81,13,0,49.8,7,59204.0,1,72,683,22437,8772,31209,0.7189272325290782,72,21,43
d5f25073,13,1,60.1,7,28697.0,1,72,683,22437,8772,31209,0.7189272325290782,72,21,43
ce3714af,13,1,174.2,7,182854.0,1,72,683,22437,8772,31209,0.7189272325290782,72,21,43
7d7ddbed,13,1,53.1,7,26049.0,1,72,683,22437,8772,31209,0.7189272325290782,72,21,43
4767d76c,13,1,187.4,7,50452.0,0,72,683,22437,8772,31209,0.7189272325290782,72,21,43
7cd0129d,13,0,53.3,8,19406.0,1,72,683,22437,8772,31209,0.7189272325290782,72,21,43
6dc7cac7,13,1,43.8,8,216948.0,1,72,683,22437,8772,31209,0.7189272325290782,72,21,43
0964fbbf,13,1,21.3,8,200419.0,1,72,683,22437,8772,31209,0.7189272325290782,72,21,43
762172ed,13,1,36.1,8,81549.0,0,72,683,22437,8772,31209,0.7189272325290782,72,21,43
78e3654b,13,0,194.8,9,20050.0,0,72,683,22437,8772,31209,0.7189272325290782,72,21,43
c5ce099c,13,0,48.6,10,20115.0,1,72,683,22437,8772,31209,0.7189272325290782,72,21,43
b9de7a3a,13,1,49.0,10,15958.0,1,72,683,22437,8772,31209,0.7189272325290782,72,21,43
b28f41de,13,1,206.2,10,33070.0,1,72,683,22437,8772,31209,0.7189272325290782,72,21,43
0b2c782a,13,1,218.1,10,12912.0,0,72,683,22437,8772,31209,0.7189272325290782,72,21,43
86a4bae4,13,0,42.1,11,36594.0,1,72,683,22437,8772,31209,0.7189272325290782,72,21,43
2a96e1e2,13,1,27.9,11,74376.0,1,72,683,22437,8772,31209,0.7189272325290782,72,21,43
aee1e86b,13,1,184.1,11,38816.0,0,72,683,22437,8772,31209,0.7189272325290782,72,21,43
464458b4,13,0,51.4,12,76592.0,1,72,683,22437,8772,31209,0.7189272325290782,72,21,43
4944051b,13,1,162.5,12,22485.0,0,72,683,22437,8772,31209,0.7189272325290782,72,21,43
aca5e2fd,13,0,22.5,13,101780.0,1,72,683,22437,8772,31209,0.7189272325290782,72,21,43
b379cb1e,13,1,154.8,13,58637.0,1,72,683,22437,8772,31209,0.7189272325290782,72,21,43
1777e8cb,13,1,152.4,13,93096.0,0,72,683,22437,8772,31209,0.7189272325290782,72,21,43
c63d04ee,13,0,160.3,14,35671.0,0,72,683,22437,8772,31209,0.7189272325290782,72,21,43
afa415e5,13,0,28.3,15,92407.0,1,72,683,22437,8772,31209,0.7189272325290782,72,21,43
73991a47,13,1,47.9,15,58729.0,1,72,683,22437,8772,31209,0.7189272325290782,72,21,43
6a7e4c36,13,1,180.6,15,11658.0,0,72,683,22437,8772,31209,0.7189272325290782,72,21,43
0d2b91ef,13,0,127.5,16,61065.0,1,72,683,22437,8772,31209,0.7189272325290782,72,21,43
d86a6460,13,1,13.5,16,18692.0,1,72,683,22437,8772,31209,0.7189272325290782,72,21,43
5aaab32f,13,1,37.1,16,180215.0,1,72,683,22437,8772,31209,0.7189272325290782,72,21,43
6f887f28,13,1,155.8,16,51977.0,0,72,683,22437,8772,31209,0.7189272325290782,72,21,43
1a5165ca,13,0,58.7,17,43350.0,1,72,683,22437,8772,31209,0.7189272325290782,72,21,43
98159d6c,13,1,27.0,17,86194.0,1,72,683,22437,8772,31209,0.7189272325290782,72,21,43
81f7f3fb,13,1,137.2,17,186112.0,0,72,683,22437,8772,31209,0.7189272325290782,72,21,43
a4244f23,13,0,48.9,18,100663.0,1,72,683,22437,8772,31209,0.7189272325290782,72,21,43
f24823ab,13,1,42.5,18,33074.0,1,72,683,22437,8772,31209,0.7189272325290782,72,21,43
b49e04cc,13,1,43.5,18,52925.0,0,72,683,22437,8772,31209,0.7189272325290782,72,21,43
a2bb522b,13,0,55.0,19,98393.0,1,72,683,22437,8772,31209,0.7189272325290782,72,21,43
76f186ab,13,1,27.4,19,44312.0,1,72,683,22437,8772,31209,0.7189272325290782,72,21,43
40d92bce,13,1,48.4,19,36950.0,1,72,683,22437,8772,31209,0.7189272325290782,72,21,43
2c33350c,13,1,179.6,19,208912.0,1,72,683,22437,8772,31209,0.7189272325290782,72,21,43
aaf78c67,13,1,106.8,19,19485.0,0,72,683,22437,8772,31209,0.7189272325290782,72,21,43
b5a5f8e6,13,0,36.7,20,13216.0,1,72,683,22437,8772,31209,0.7189272325290782,72,21,43
272c0588,13,1,47.4,20,97079.0,1,72,683,22437,8772,31209,0.7189272325290782,72,21,43
bbf483ce,13,1,14.0,20,126340.0,1,72,683,22437,8772,31209,0.7189272325290782,72,21,43
66124ab4,13,1,181.1,20,4057.0,1,72,683,22437,8772,31209,0.7189272325290782,72,21,43
d0401587,13,1,69.0,20,39805.0,1,72,683,22437,8772,31209,0.7189272325290782,72,21,43
22498f66,13,1,171.0,20,56538.0,0,72,683,22437,8772,31209,0.7189272325290782,72,21,43
06d25913,13,0,211.9,21,137090.0,0,72,683,22437,8772,31209,0.7189272325290782,72,21,43
08150147,13,0,39.8,22,37774.0,1,72,683,22437,8772,31209,0.7189272325290782,72,21,43
0ff1aa9f,13,1,100.2,22,32599.0,0,72,683,22437,8772,31209,0.7189272325290782,72,21,43
7ed17aab,13,0,27.1,23,220180.0,1,72,683,22437,8772,31209,0.7189272325290782,72,21,43
e0723d96,13,1,195.8,23,12704.0,0,72,683,22437,8772,31209,0.7189272325290782,72,21,43
86879aa9,13,0,40.3,24,183101.0,0,72,683,22437,8772,31209,0.7189272325290782,72,21,43
a74e02a9,13,0,45.3,25,134107.0,1,72,683,22437,8772,31209,0.7189272325290782,72,21,43
2db0728d,13,1,86.3,25,4710.0,1,72,683,22437,8772,31209,0.7189272325290782,72,21,43
75eb89c2,13,1,205.1,25,31975.0,0,72,683,22437,8772,31209,0.7189272325290782,72,21,43
23dfecd7,13,0,24.7,26,61367.0,1,72,683,22437,8772,31209,0.7189272325290782,72,21,43
937bf79b,13,1,234.4,26,11306.0,0,72,683,22437,8772,31209,0.7189272325290782,72,21,43
972a8469,14,1,103.5,0,0.0,0,62,605,14928,5984,20912,0.7138485080336648,62,13,35
8e944239,14,0,48.4,1,146140.0,1,62,605,14928,5984,20912,0.7138485080336648,62,13,35
e059a0ee,14,1,199.0,1,28091.0,0,62,605,14928,5984,20912,0.7138485080336648,62,13,35
444ea7c8,14,0,187.5,2,84939.0,0,62,605,14928,5984,20912,0.7138485080336648,62,13,35
00257ad1,14,0,155.1,3,53976.0,0,62,605,14928,5984,20912,0.7138485080336648,62,13,35
badcc32a,14,0,34.2,4,59432.0,1,62,605,14928,5984,20912,0.7138485080336648,62,13,35
94340a03,14,1,38.7,4,243109.0,1,62,605,14928,5984,20912,0.7138485080336648,62,13,35
f05db76e,14,1,72.7,4,92138.0,0,62,605,14928,5984,20912,0.7138485080336648,62,13,35
1d8cbbac,14,0,61.9,5,3495.0,1,62,605,14928,5984,20912,0.7138485080336648,62,13,35
8da01097,14,1,180.6,5,5302.0,0,62,605,14928,5984,20912,0.7138485080336648,62,13,35
17a0df49,14,0,230.9,6,29660.0,0,62,605,14928,5984,20912,0.7138485080336648,62,13,35
dc570131,14,0,246.6,7,59221.0,0,62,605,14928,5984,20912,0.7138485080336648,62,13,35
ee49f329,14,0,25.0,8,46929.0,1,62,605,14928,5984,20912,0.7138485080336648,62,13,35
4e20fd1a,14,1,38.4,8,32862.0,1,62,605,14928,5984,20912,0.7138485080336648,62,13,35
2db69edb,14,1,195.3,8,45036.0,0,62,605,14928,5984,20912,0.7138485080336648,62,13,35
236c7b87,14,0,50.2,9,290051.0,0,62,605,14928,5984,20912,0.7138485080336648,62,13,35
ad66a1bd,14,0,181.1,10,209779.0,0,62,605,14928,5984,20912,0.7138485080336648,62,13,35
658b2523,14,0,44.9,11,7726.0,1,62,605,14928,5984,20912,0.7138485080336648,62,13,35
c01f36bf,14,1,227.4,11,100773.0,0,62,605,14928,5984,20912,0.7138485080336648,62,13,35
1fd5a423,14,0,43.2,12,328816.0,0,62,605,14928,5984,20912,0.7138485080336648,62,13,35
1f15c7b6,14,0,43.0,13,158075.0,1,62,605,14928,5984,20912,0.7138485080336648,62,13,35
44656d6b,14,1,43.4,13,81322.0,1,62,605,14928,5984,20912,0.7138485080336648,62,13,35
62d60e93,14,1,50.3,13,59486.0,0,62,605,14928,5984,20912,0.7138485080336648,62,13,35
b8f21423,14,0,10.0,14,31123.0,1,62,605,14928,5984,20912,0.7138485080336648,62,13,35
8beddb12,14,1,189.2,14,134391.0,0,62,605,14928,5984,20912,0.7138485080336648,62,13,35
7f2984f5,14,0,45.0,15,65948.0,1,62,605,14928,5984,20912,0.7138485080336648,62,13,35
87e5f0fe,14,1,34.9,15,71514.0,1,62,605,14928,5984,20912,0.7138485080336648,62,13,35
857dd3b3,14,1,31.6,15,302024.0,1,62,605,14928,5984,20912,0.7138485080336648,62,13,35
b888f6ed,14,1,32.1,15,69847.0,1,62,605,14928,5984,20912,0.7138485080336648,62,13,35
56c438e4,14,1,217.7,15,8854.0,0,62,605,14928,5984,20912,0.7138485080336648,62,13,35
01902620,14,0,58.4,16,135401.0,1,62,605,14928,5984,20912,0.7138485080336648,62,13,35
5024bdc6,14,1,249.0,16,144857.0,1,62,605,14928,5984,20912,0.7138485080336648,62,13,35
6fcc57dd,14,1,38.2,16,33422.0,1,62,605,14928,5984,20912,0.7138485080336648,62,13,35
59e1ac09,14,1,228.9,16,39292.0,0,62,605,14928,5984,20912,0.7138485080336648,62,13,35
e8b77f7b,14,0,55.4,17,110753.0,1,62,605,14928,5984,20912,0.7138485080336648,62,13,35
267eddce,14,1,39.4,17,88422.0,1,62,605,14928,5984,20912,0.7138485080336648,62,13,35
a97431db,14,1,20.0,17,91526.0,1,62,605,14928,5984,20912,0.7138485080336648,62,13,35
d88c656d,14,1,53.6,17,101074.0,1,62,605,14928,5984,20912,0.7138485080336648,62,13,35
737d1fb6,14,1,18.1,17,27430.0,1,62,605,14928,5984,20912,0.7138485080336648,62,13,35
06d3db93,14,1,24.7,17,5859.0,1,62,605,14928,5984,20912,0.7138485080336648,62,13,35
b231c60b,14,1,47.9,17,39529.0,1,62,605,14928,5984,20912,0.7138485080336648,62,13,35
41843b03,14,1,75.7,17,13498.0,1,62,605,14928,5984,20912,0.7138485080336648,62,13,35
893ad232,14,1,160.9,17,39314.0,1,62,605,14928,5984,20912,0.7138485080336648,62,13,35
65f202f9,14,1,46.8,17,123517.0,1,62,605,14928,5984,20912,0.7138485080336648,62,13,35
ff4c96d6,14,1,55.0,17,222852.0,1,62,605,14928,5984,20912,0.7138485080336648,62,13,35
2c913a7c,14,1,53.8,17,32352.0,1,62,605,14928,5984,20912,0.7138485080336648,62,13,35
5894f7f1,14,1,42.1,17,102633.0,1,62,605,14928,5984,20912,0.7138485080336648,62,13,35
4a27ebf2,14,1,32.5,17,75304.0,1,62,605,14928,5984,20912,0.7138485080336648,62,13,35
ac2a4f71,14,1,46.7,17,130377.0,1,62,605,14928,5984,20912,0.7138485080336648,62,13,35
5da39a73,14,1,136.1,17,14118.0,0,62,605,14928,5984,20912,0.7138485080336648,62,13,35
b8beff3d,14,0,221.0,18,277812.0,0,62,605,14928,5984,20912,0.7138485080336648,62,13,35
a723fb72,14,0,48.4,19,89004.0,1,62,605,14928,5984,20912,0.7138485080336648,62,13,35
79c773a0,14,1,157.5,19,8002.0,0,62,605,14928,5984,20912,0.7138485080336648,62,13,35
ff46a6bf,14,0,64.3,20,43340.0,1,62,605,14928,5984,20912,0.7138485080336648,62,13,35
d9df0d0e,14,1,177.2,20,43268.0,0,62,605,14928,5984,20912,0.7138485080336648,62,13,35
b41c504f,14,0,28.6,21,102444.0,0,62,605,14928,5984,20912,0.7138485080336648,62,13,35
fc737d92,14,0,178.0,22,145797.0,0,62,605,14928,5984,20912,0.7138485080336648,62,13,35
497ec6d1,14,0,52.8,23,3880.0,1,62,605,14928,5984,20912,0.7138485080336648,62,13,35
de9f6f5b,14,1,55.1,23,21277.0,1,62,605,14928,5984,20912,0.7138485080336648,62,13,35
602a4e57,14,1,50.8,23,7288.0,1,62,605,14928,5984,20912,0.7138485080336648,62,13,35
c3f725fe,14,1,58.9,23,59286.0,1,62,605,14928,5984,20912,0.7138485080336648,62,13,35
3d9c4e64,14,1,183.7,23,16250.0,1,62,605,14928,5984,20912,0.7138485080336648,62,13,35
